time,x,x_dot,y,y_dot,z,z_dot
2024-05-12 00:00:00,1509.262156,-16209.930138,-4434.773035,53080.051522,-5006.156715,-51961.645478
2024-05-12 00:30:00,-852.053266,-2145.608519,6445.647689,23978.327943,-2171.197467,72256.596255
2024-05-12 01:00:00,-303.502408,1011.934113,-775.964998,-75599.83573,6788.440225,-8582.261686
2024-05-12 01:30:00,-511.362391,3332.083916,-5830.245516,39438.730588,-3569.15947,-65010.406352
2024-05-12 02:00:00,1563.106788,11575.972511,5464.590167,40904.153222,-3834.034578,63106.546828
2024-05-12 02:30:00,110.144846,-27555.600023,1124.862924,-69892.98527,6745.59041,12073.604728
2024-05-12 03:00:00,-3142.741126,8874.129696,-5796.266648,18744.37604,-1869.987506,-73304.708349
2024-05-12 03:30:00,2853.732097,35348.108176,3416.514509,45746.328624,-5215.320579,49346.482739
2024-05-12 04:00:00,1792.381419,-47829.932304,2251.069833,-49926.016889,6206.177805,31842.806822
2024-05-12 04:30:00,-5383.543381,-687.275038,-4237.550216,1319.286201,-33.851431,-76211.868145
2024-05-12 05:00:00,2628.44825,59545.743856,1223.06604,34587.909875,-6214.299553,32007.059109
2024-05-12 05:30:00,3978.371533,-53023.059499,1963.101901,-23686.404574,5210.020161,49277.568108
2024-05-12 06:00:00,-6384.957117,-19813.840163,-1697.025884,-4072.357049,1804.412507,-73505.154683
2024-05-12 06:30:00,1147.623841,74170.33502,-153.893106,10291.011299,-6758.985473,12360.507931
2024-05-12 07:00:00,5669.05017,-42705.944324,232.708193,-1624.775383,3830.280463,63092.637573
2024-05-12 07:30:00,-5812.134558,-38712.569435,874.914942,5998.283301,3509.483906,-65379.99187
2024-05-12 08:00:00,-792.041243,73085.043741,-121.579742,-18738.498274,-6810.413706,-8172.81715
2024-05-12 08:30:00,6059.060205,-22980.775856,-2342.925562,7801.434957,2168.500969,72262.66596
2024-05-12 09:00:00,-3986.177526,-47559.250499,2524.88312,28125.937898,4955.785669,-52442.404926
2024-05-12 09:30:00,-2199.095541,56592.04769,1291.910154,-42094.231126,-6365.069144,-28115.446467
2024-05-12 10:00:00,4882.488708,-3848.986206,-4794.210893,1742.978377,347.266479,76105.589881
2024-05-12 10:30:00,-1745.078578,-40743.173748,2701.793776,53528.475556,6037.418079,-35649.777064
2024-05-12 11:00:00,-2312.570476,31297.99124,3450.763246,-51735.829221,-5454.721229,-46038.415032
2024-05-12 11:30:00,2527.691806,5108.036824,-6191.771671,-15832.570667,-1499.882262,74345.432689
2024-05-12 12:00:00,-85.513082,-19286.161048,1490.157183,71800.320501,6674.62204,-16245.830172
2024-05-12 12:30:00,-926.545251,7348.108624,5381.38568,-45368.65674,-4144.927135,-60628.796994
2024-05-12 13:00:00,-127.216876,-1151.748903,-6041.69659,-35878.670283,-3237.562449,67121.206892
2024-05-12 13:30:00,264.651916,9579.598769,-428.893786,75359.895816,6820.670246,4351.684287
2024-05-12 14:00:00,1517.05872,-5863.659676,6186.582963,-27441.131406,-2530.600063,-70799.570491
2024-05-12 14:30:00,-2087.682618,-20957.410877,-4495.764898,-48155.65318,-4737.510309,54985.345776
2024-05-12 15:00:00,-843.185828,35477.912257,-2069.771822,62667.809488,6464.673977,24629.151202
2024-05-12 15:30:00,4112.980371,-3720.278198,5431.547084,-7252.961054,-730.400234,-75776.454613
2024-05-12 16:00:00,-2667.020971,-46639.477778,-2284.641256,-45662.891226,-5889.71969,38853.245726
2024-05-12 16:30:00,-2913.545378,49278.372989,-2567.531759,38888.889478,5633.096261,43099.027852
2024-05-12 17:00:00,5877.740554,11631.350862,3332.793464,5050.235511,1123.171339,-75176.152787
2024-05-12 17:30:00,-1776.457911,-67832.904246,-402.514844,-27635.694303,-6611.055006,19915.413051
2024-05-12 18:00:00,-5019.889111,46970.248446,-1550.238931,13693.108971,4387.039007,58404.570735
2024-05-12 18:30:00,6169.246247,32201.092887,667.08994,2853.812237,2893.574525,-69035.147188
2024-05-12 19:00:00,41.123291,-75886.330238,317.872135,145.937585,-6849.855822,-453.313752
2024-05-12 19:30:00,-6201.366876,31354.758685,700.421156,-2863.747673,2818.122411,69414.974972
2024-05-12 20:30:00,1846.250462,-67507.715844,-440.80089,27804.168161,-6589.091995,-20789.885498
2024-05-12 21:00:00,-5874.331104,10829.078586,3367.009994,-4636.106616,1041.817474,75313.404201
2024-05-12 21:30:00,2846.697661,49542.145127,-2538.121344,-39396.254579,5679.761651,-42334.834865
2024-05-12 22:00:00,2704.659041,-46143.205566,-2345.709103,45515.077951,-5847.674097,-39631.288768
2024-05-12 22:30:00,-4082.963199,-4236.655098,5443.963239,7988.904576,-811.629476,75663.734822
2024-05-12 23:00:00,794.401193,35384.860645,-2004.409172,-63059.110461,6491.035653,-23754.731849
2024-05-12 23:30:00,2087.491177,-20530.688722,-4555.874873,47637.391034,-4678.548956,-55612.130427
2024-05-13 00:00:00,-1481.113906,-5964.286134,6165.133456,28268.384841,-2605.567978,70451.549376
2024-05-13 00:30:00,-276.769543,9296.23386,-345.125037,-75442.122031,6824.941968,-3435.742165
2024-05-13 01:00:00,99.006432,-1019.090374,-6078.910505,35094.598787,-3165.975789,-67551.977561
2024-05-13 01:30:00,944.902157,7623.194678,5329.497533,46034.110919,-4208.523493,60077.07504
2024-05-13 02:00:00,114.027197,-19510.498843,1567.623582,-71529.637346,6656.775185,17135.746778
2024-05-13 02:30:00,-2562.784042,4828.430475,-6194.894033,15004.75379,-1420.636666,-74548.139767
2024-05-13 03:00:00,2296.6127,31768.2902,3385.523169,52068.389752,-5502.804661,45321.717655
2024-05-13 03:30:00,1802.591901,-40683.401751,2751.020684,-53027.212018,5998.777438,36450.873197
2024-05-13 04:00:00,-4900.850487,-4499.443761,-4767.555236,-2362.717835,428.555772,-76062.611389
2024-05-13 04:30:00,2146.027198,57012.494947,1237.17083,42066.585126,-6394.229313,27283.858842
2024-05-13 05:00:00,4049.845817,-47116.348828,2535.518897,-27630.92128,4899.341151,53094.903626
2024-05-13 05:30:00,-6044.733929,-23809.68136,-2304.604431,-8033.766618,2245.770616,-71974.622193
2024-05-13 06:00:00,714.69026,73244.992401,-144.879172,18476.595537,-6818.502897,7283.954382
2024-05-13 06:30:00,5857.967344,-37957.862418,852.798425,-5756.255077,3439.393412,65836.985392
2024-05-13 07:00:00,-5621.131402,-43448.999348,258.428182,1799.769475,3897.326068,-62584.036979
2024-05-13 07:30:00,-1225.633845,73983.391408,-137.166329,-10557.571247,-6745.481173,-13237.400492
2024-05-13 08:00:00,6397.718955,-18961.111846,-1732.596261,3910.209863,1726.242323,73732.397017
2024-05-13 08:30:00,-3911.782487,-53463.661125,1956.682988,24122.204329,5261.660662,-48592.066575
2024-05-13 09:00:00,-2683.301798,59093.219781,1271.775919,-34629.09559,-6180.616892,-32803.538978
2024-05-13 10:00:00,-1730.790137,-47893.279114,2206.356835,50378.840693,6238.965798,-31033.398763
2024-05-13 10:30:00,-2872.257826,34836.403549,3476.535432,-45434.355582,-5164.386214,-50008.381149
2024-05-13 11:00:00,3105.719359,9203.266181,-5792.440124,-19510.296164,-1945.490083,73051.535448
2024-05-13 11:30:00,-76.106224,-27333.420412,1051.629945,70128.152606,6757.472285,-11202.240057
2024-05-13 12:00:00,-1547.72422,11244.82503,5512.381452,-40261.763137,-3769.776331,-63591.690172
2024-05-13 12:30:00,480.120959,3259.032985,-5793.083656,-40172.320815,-3635.112475,64548.08862
2024-05-13 13:00:00,298.337969,1301.280271,-856.349723,75492.876886,6778.91814,9452.015318
2024-05-13 13:30:00,885.136775,-2119.988563,6464.224279,-23169.074819,-2098.218926,-72534.379445
2024-05-13 14:00:00,-1514.155175,-16571.688865,-4374.784147,-53564.066562,-5058.267376,51328.822473
2024-05-13 14:30:00,-795.251017,27710.806129,-2539.449403,64503.344708,6301.548622,29415.49155
2024-05-13 15:00:00,3539.404901,-271.186528,5860.128274,-3259.718641,-272.528041,-76152.955029
2024-05-13 15:30:00,-2161.76537,-42911.533927,-2238.683266,-52377.808914,-6110.518169,34386.934822
2024-05-13 16:00:00,-2896.487997,42561.978841,-3113.184416,41935.981263,5360.784415,47220.967557
2024-05-13 16:30:00,5423.240181,15048.51753,3875.674727,9245.113153,1572.943596,-74165.212874
2024-05-13 17:00:00,-1333.725527,-65434.481251,-373.32558,-35421.30819,-6716.113543,14966.293653
2024-05-13 17:30:00,-5094.006654,41452.890833,-2168.346456,17280.427553,4025.744152,61558.198989
2024-05-13 18:00:00,5863.049375,36114.755535,1260.143438,7417.621851,3302.009819,-66713.314507
2024-05-13 18:30:00,461.572662,-75252.70764,367.971842,-8104.914993,-6831.858545,-5527.282582
2024-05-13 19:00:00,-6415.729982,26771.305032,52.575801,687.564306,2394.602331,71367.820174
2024-05-13 19:30:00,4789.63372,52556.252514,-982.706916,-9370.69433,4787.758359,-54351.368884
2024-05-13 20:00:00,2298.670397,-68658.247999,-369.463309,19843.888027,-6449.581604,-25624.225393
2024-05-13 20:30:00,-6244.571509,6653.627671,2756.512592,-1371.466648,587.392605,75923.10651
2024-05-13 21:00:00,2765.856269,55825.244929,-2022.348365,-35165.362797,5920.999896,-38000.96374
2024-05-13 21:30:00,3230.515059,-48676.298171,-2290.702637,38468.396734,-5596.921551,-43876.992948
2024-05-13 22:00:00,-4582.97762,-8530.637098,4936.903306,11126.90165,-1263.251556,74890.14062
2024-05-13 22:30:00,743.649355,42877.54034,-1554.480795,-59977.633808,6618.838197,-18867.686205
2024-05-13 23:00:00,2694.419922,-23793.121003,-4576.536258,41767.595599,-4335.0637,-58959.26402
2024-05-13 23:30:00,-2051.991314,-10649.887346,5801.40672,31765.85562,-3021.568955,68358.267736
2024-05-14 00:00:00,-343.038853,17476.057537,71.965519,-74037.89034,6830.213185,1647.658221
2024-05-14 00:30:00,753.808348,-4378.799883,-6230.71332,30235.611154,-2754.883594,-69753.396851
2024-05-14 01:00:00,372.485203,2680.785757,5108.206516,50465.808032,-4558.395791,56827.427472
2024-05-14 01:30:00,21.364161,-11389.531199,2005.361162,-71944.632538,6539.461936,22043.653553
2024-05-14 02:00:00,-1923.573548,1723.130256,-6504.560434,10668.477807,-971.965406,-75439.105702
2024-05-14 02:30:00,1775.067273,27084.267922,3267.201779,57826.733827,-5761.348345,41159.578048
2024-05-14 03:00:00,1712.776463,-33307.169182,3257.303821,-54963.993754,5767.684306,40825.881997
2024-05-14 03:30:00,-4346.934987,-7414.923339,-5219.962592,-6735.634019,881.881666,-75575.443528
2024-05-14 04:00:00,1691.025463,53290.031087,1162.818666,49152.211307,-6542.981278,22514.684291
2024-05-14 04:30:00,4019.611589,-40859.800221,3128.325963,-30481.825665,4571.528573,56616.298749
2024-05-14 05:00:00,-5625.286614,-26961.351894,-2847.582201,-12798.975194,2670.238405,-70146.195926
2024-05-14 05:30:00,301.8429,71090.249108,-226.716746,26458.686042,-6846.930141,2254.72251
2024-05-14 06:00:00,5947.131192,-32766.577847,1509.000073,-8859.877823,3039.160514,68244.863324
2024-05-14 06:30:00,-5346.671541,-47421.199444,-306.017571,-3329.135548,4261.721158,-59552.989409
2024-05-14 07:00:00,-1647.287823,73659.859448,-247.485819,-2394.2709,-6651.78215,-18164.751384
2024-05-14 07:30:00,6642.961137,-14415.280517,-1070.680709,996.226602,1283.152241,74849.772777
2024-05-14 08:00:00,-3752.036773,-58723.903374,1429.878696,19063.518646,5539.375674,-44585.863039
2024-05-14 08:30:00,-3166.199195,60417.483665,1152.539014,-27018.995723,-5971.768459,-37275.169367
2024-05-14 09:00:00,5761.705829,4467.502823,-3665.999764,-4545.646117,-567.007052,75942.469341
2024-05-14 09:30:00,-1629.866338,-54557.652153,1743.88631,46073.622812,6409.696551,-26351.678077
2024-05-14 10:30:00,3612.997074,14024.998542,-5319.081261,-22292.252309,-2375.325741,71455.084775
2024-05-14 11:00:00,22.280553,-35078.653188,639.053219,67240.933785,6809.130662,-6188.924707
2024-05-14 11:30:00,-2196.761639,14091.182978,5541.588242,-34780.983606,-3383.968748,-66229.221895
2024-05-14 12:00:00,1029.23561,8524.873997,-5465.172989,-43635.935705,-4010.104365,61733.889345
2024-05-14 12:30:00,424.978052,-6862.107819,-1265.31376,74400.589802,6707.957158,14428.853941
2024-05-14 13:00:00,209.313702,621.009608,6644.720458,-18438.831968,-1663.542219,-73923.059725
2024-05-14 13:30:00,-988.065994,-11197.783803,-4172.056924,-58247.18651,-5351.411865,47510.260345
2024-05-14 14:00:00,-649.390845,19889.557006,-3000.270619,65144.995526,6113.395185,33994.368258
2024-05-14 14:30:00,2907.680137,2209.103375,6200.462188,1283.035255,179.231396,-76188.490321
2024-05-14 15:00:00,-1695.399636,-38080.520621,-2109.194832,-58515.965788,-6300.91897,29845.779591
2024-05-14 15:30:00,-2777.392638,35654.364692,-3662.772429,43844.920367,5069.33423,51068.068093
2024-05-14 16:00:00,4899.862853,17530.316986,4341.950794,14098.59172,2008.570924,-72844.075456
2024-05-14 16:30:00,-922.862633,-61856.127528,-258.015827,-42808.482103,-6790.146722,10033.773686
2024-05-14 17:00:00,-5064.883674,35637.739176,-2805.730824,19788.271031,3652.624864,64389.72352
2024-05-14 17:30:00,5481.217166,39146.362679,1788.916177,12769.921799,3689.421059,-64135.40851
2024-05-14 18:00:00,857.361086,-73409.970398,508.399907,-16145.74796,-6784.406458,-10495.922926
2024-05-14 18:30:00,-6529.878472,21801.370072,-630.872067,3206.657625,1967.38978,72975.297948
2024-05-14 19:00:00,4540.197836,56716.096208,-459.522445,-3755.435872,5098.508447,-50711.439179
2024-05-14 20:00:00,-6522.039165,2002.801108,2095.310782,893.382875,137.648723,76189.786481
2024-05-14 20:30:00,2603.66855,61448.244357,-1550.790946,-29880.012938,6132.469847,-33570.706859
2024-05-14 21:00:00,3752.603749,-50060.393378,-2134.975613,31307.83149,-5325.885312,-47866.443928
2024-05-14 21:30:00,-5000.917959,-13404.856959,4367.128075,13293.798085,-1702.199794,73802.241243
2024-05-14 22:00:00,609.150366,49878.043736,-1141.663294,-55748.128886,6715.690272,-13977.37848
2024-05-14 22:30:00,3312.282689,-25961.434994,-4493.673934,35669.763169,-3978.359425,-61998.146901
2024-05-14 23:00:00,-2552.8567,-16042.193392,5366.955274,34332.197932,-3417.700133,66002.875398
2024-05-14 23:30:00,-497.130226,25348.754238,458.460279,-71437.927214,6805.649212,6641.112374
2024-05-16 00:00:00,-585.941064,-9584.381345,4453.546428,56621.269168,-5180.697566,49793.547905
2024-05-16 00:30:00,-438.202905,4276.079498,2795.45646,-69252.80102,6227.936254,31303.827965
2024-05-16 01:00:00,-532.195495,-1385.556323,-6829.710694,987.695045,-87.939538,-76209.808798
2024-05-16 01:30:00,892.440942,14900.132313,2809.980894,66967.822032,-6191.084405,32555.461029
2024-05-16 02:00:00,1238.439833,-18677.025174,4216.538235,-55399.65011,5245.03118,48810.75409
2024-05-16 02:30:00,-3085.6652,-10170.400599,-5857.734775,-16799.050133,1751.140102,-73666.605482
2024-05-16 03:00:00,922.256127,42672.570032,784.484378,61408.00078,-6749.580641,12969.060925
2024-05-16 03:30:00,3649.365878,-28112.429561,4302.832925,-32870.394027,3876.491628,62739.632351
2024-05-16 04:00:00,-4604.227073,-30245.434412,-3699.535445,-24036.22754,3460.691211,-65702.851799
2024-05-16 04:30:00,-399.72506,63386.667234,-634.283203,41043.87471,-6816.124545,-7543.802581
2024-05-16 05:00:00,5812.035633,-21867.832428,2859.623741,-11858.682494,2223.05815,72056.973703
2024-05-16 05:30:00,-4598.097885,-52495.359478,-1232.978474,-15746.122978,4915.37816,-52912.059148
2024-05-16 06:00:00,-2386.860377,69545.419204,-731.918068,13091.848741,-6386.301922,-27510.938146
2024-05-16 06:30:00,6830.542727,-4549.06595,341.239061,-1677.769095,406.365872,76072.139471
2024-05-16 07:00:00,-3222.41218,-66656.744595,551.864339,6325.499049,6008.629254,-36244.024549
2024-05-16 07:30:00,-4057.364135,59642.392486,627.813897,-12161.810082,-5491.212482,-45497.601919
2024-05-16 08:00:00,6278.133268,14473.278216,-2341.378807,-6758.673547,-1439.970354,74495.512837
2024-05-16 08:30:00,-1208.287091,-65717.860547,974.767608,34444.386779,6660.533733,-16929.050724
2024-05-16 09:00:00,-4553.05099,38792.146742,2943.186319,-25683.019467,-4195.541697,-60196.112623
2024-05-16 09:30:00,4379.04084,25117.753871,-4207.831179,-24751.699567,-3180.285715,67460.664431
2024-05-16 10:00:00,452.368666,-48915.494317,-46.182457,58174.765803,6823.806759,3621.249663
2024-05-16 10:30:00,-3507.803392,16564.875726,5286.518839,-23501.110048,-2592.555683,-70523.703533
2024-05-16 11:00:00,1911.246787,20949.301314,-4624.07843,-47563.986111,-4688.048496,55505.055715
2024-05-16 11:30:00,931.194033,-22071.6337,-1961.100735,68802.215957,6486.219,23907.852548
2024-05-16 12:00:00,-1205.885233,2937.750283,6697.31975,-8406.668946,-799.185492,-75693.838231
2024-05-16 12:30:00,-124.695559,1917.466144,-3569.247511,-64844.929794,-5853.755144,39516.613366
2024-05-16 13:00:00,-80.725386,4875.303153,-3825.015299,63022.963355,5672.067431,42453.767728
2024-05-16 13:30:00,1534.334169,4002.093778,6591.623199,11218.142772,1053.290304,-75303.755039
2024-05-16 14:00:00,-931.500869,-25613.179227,-1643.150028,-68397.401103,-6592.198624,20672.802186
2024-05-16 14:30:00,-2239.776872,22070.843433,-4701.552184,44340.681274,4441.007897,57892.548215
2024-05-16 15:00:00,3707.085426,19316.550299,5013.481119,25011.209774,2827.987924,-69372.576527
2024-05-16 15:30:00,-254.944463,-51565.21674,192.976617,-55674.304394,-6849.910515,347.186082
2024-05-16 16:00:00,-4693.467793,23933.768303,-4066.708169,21570.230795,2883.866242,69078.330691
2024-05-16 16:30:00,4547.587082,42085.481147,2616.536886,25124.517684,4394.266694,-58341.104065
2024-05-16 17:00:00,1510.688332,-66409.927088,1029.62889,-30852.095676,-6608.859756,-20000.14298
2024-05-16 17:30:00,-6444.963278,11532.012981,-2035.312379,5054.750023,1115.067201,75184.648797
2024-05-16 18:00:00,3857.055899,62088.893413,384.196113,9618.714465,5637.201844,-43032.145659
2024-05-16 18:30:00,3492.929588,-65174.85512,397.247636,-3063.907256,-5886.713178,-38908.146323
2024-05-16 19:00:00,-6778.393658,-7899.706632,686.701038,2223.962012,-735.375867,75764.010194
2024-05-16 19:30:00,2084.461539,70074.974018,-790.19326,-16695.324657,6466.080771,-24577.76612
2024-05-16 20:00:00,4714.323214,-49527.640378,-1532.914557,17436.64478,-4735.455476,-55011.359021
2024-05-16 20:30:00,-5563.832999,-24097.901907,3101.785899,14402.69288,-2531.67493,70787.064066
2024-05-16 21:00:00,132.006865,61715.189279,-483.873371,-44302.068612,6820.476149,-4334.119217
2024-05-16 21:30:00,4509.671734,-27074.498875,-4019.489371,23598.82898,-3238.446727,-67127.101762
2024-05-16 22:00:00,-3311.733221,-28200.832987,4344.685847,36258.33742,-4142.83964,60637.60702
2024-05-16 22:30:00,-1032.781973,39449.435556,1077.095288,-63019.980319,6674.592212,16228.149912
2024-05-16 23:00:00,2812.416384,-8134.457266,-6065.078479,14565.612501,-1503.90877,-74350.104286
2024-05-16 23:30:00,-954.026031,-16559.234503,4048.498131,58109.981046,-5451.343029,46082.20628
2024-05-17 00:00:00,-790.037004,11455.538678,3115.184076,-66305.324171,6039.046142,35607.777804
2024-05-17 00:30:00,186.325039,-1340.714341,-6839.253783,-3944.358161,341.626666,-76121.260518
2024-05-17 01:00:00,552.51051,7709.22122,2497.719705,70075.486443,-6362.214297,28189.221617
2024-05-17 01:30:00,864.215422,-11802.605085,4634.984939,-54020.571934,4959.908321,52387.929683
2024-05-17 02:00:00,-2410.573104,-9907.808236,-6033.687374,-22079.879093,2162.158693,-72294.167755
2024-05-17 02:30:00,633.080493,36044.946019,504.966188,66271.711943,-6809.220643,8264.832439
2024-05-17 03:00:00,3314.755396,-22016.550358,4849.324331,-32491.390753,3516.296563,65328.63021
2024-05-17 03:30:00,-4033.534128,-30218.355977,-3995.974969,-30113.291938,3822.978341,-63152.162105
2024-05-17 04:00:00,-660.231499,58063.088883,-938.540512,47316.384988,-6760.408468,-12248.317612
2024-05-17 04:30:00,5588.498762,-16570.051434,3519.100126,-11792.843288,1814.300809,73469.719533
2024-05-17 05:00:00,-4153.697853,-53385.167813,-1579.90229,-22666.54821,5202.495527,-49376.66569
2024-05-17 05:30:00,-2673.477609,65940.246792,-1088.451102,20065.784537,-6219.564743,-31877.107328
2024-05-17 06:00:00,6769.513443,351.917028,1057.240828,-1426.264817,-20.658024,76207.428485
2024-05-17 06:30:00,-2881.000237,-69073.005507,219.588436,-1022.425196,6199.815704,-31988.310848
2024-05-17 07:00:00,-4431.971027,57692.117992,235.262351,-5281.056492,-5225.784106,-49211.068379
2024-05-17 07:30:00,6389.737763,19592.60999,-1646.028284,-6228.782314,-1853.955321,73349.96643
2024-05-17 08:00:00,-914.266071,-69923.904962,690.804802,27411.158192,6742.145778,-12267.413173
2024-05-17 08:30:00,-5055.2702,38007.715809,2570.11166,-19470.279749,-3850.938694,-62986.160217
2024-05-17 09:00:00,4627.830951,30980.77764,-3601.700328,-24301.510468,-3551.030478,65126.859574
2024-05-17 09:30:00,760.211418,-54692.328052,-292.429861,52245.858392,6790.218993,8347.470276
2024-05-17 10:00:00,-4135.030469,16259.926863,5005.396581,-18104.996458,-2194.241888,-72183.925639
2024-05-17 10:30:00,2230.949171,27725.975452,-4141.494319,-47847.669437,-4988.529188,52163.621207
2024-05-17 11:00:00,1290.801969,-28782.915567,-2218.417983,64507.099103,6340.342703,28355.446429
2024-05-17 11:30:00,-1911.219656,2530.222953,6568.419413,-3517.955431,-376.138813,-76102.294787
2024-05-17 12:00:00,195.975439,9311.3058,-3198.46711,-66533.38882,-6062.464256,35417.481479
2024-05-17 12:30:00,326.380528,-1964.843546,-4156.966211,60433.655104,5424.849109,46297.710979
2024-05-17 13:00:00,825.788948,3278.560451,6637.823565,16192.80707,1469.871564,-74429.925031
2024-05-17 13:30:00,-654.222288,-18286.340454,-1334.280691,-71876.430425,-6694.533409,16114.964583
2024-05-17 14:00:00,-1832.354559,15765.302706,-5157.19125,43064.047956,4110.655738,60853.594302
2024-05-17 14:30:00,3069.682195,18529.366613,5210.798222,30659.646905,3207.620755,-67284.021388
2024-05-17 15:00:00,-21.872885,-45122.973166,503.278395,-60859.545297,-6838.838862,-4340.286118
2024-05-17 15:30:00,-4357.607807,18432.362852,-4656.036981,20941.140146,2494.855737,70939.269882
2024-05-17 16:00:00,4026.686235,41847.278112,2904.276375,31733.427871,4709.299836,-55195.292094
2024-05-17 16:30:00,1740.704683,-61484.796179,1388.221672,-37200.880925,-6485.439889,-24481.829871
2024-05-17 17:00:00,-6247.908105,6635.056822,-2722.123788,4436.596733,696.175197,75810.508339
2024-05-17 17:30:00,3453.072497,63106.369985,690.466404,17010.254646,5864.649454,-39066.048896
2024-05-17 18:00:00,3783.282815,-61973.829918,811.583369,-9782.548035,-5660.164925,-42861.094872
2024-05-17 18:30:00,-6755.307883,-12739.073491,-27.26104,1292.124867,-1153.282771,75113.742383
2024-05-17 19:00:00,1755.803614,72839.922327,-518.725807,-9128.886151,6589.595146,-20085.33341
2024-05-17 19:30:00,5121.244163,-47771.263551,-1100.244495,11081.931209,-4422.394682,-58149.08333
2024-05-17 20:00:00,-5703.404081,-29502.634139,2438.667486,13290.68116,-2917.990947,68916.605195
2024-05-17 20:30:00,-184.051725,66278.315281,-260.157085,-37379.07697,6831.395022,354.982746
2024-05-17 21:00:00,5055.416963,-26141.73134,-3636.958992,18000.594566,-2861.799336,-69219.307492
2024-05-17 21:30:00,-3561.187843,-34564.656193,3788.351935,35507.528371,-4469.331409,57694.40735
2024-05-17 22:00:00,-1390.298111,45378.067495,1284.291953,-57457.20678,6572.495382,20769.56297
2024-05-17 22:30:00,3472.902349,-7345.679667,-5804.806063,9644.697436,-1091.506932,-75240.765555
2024-05-17 23:00:00,-1241.103584,-23839.132692,3612.176595,58442.176182,-5694.78344,42286.716942
2024-05-17 23:30:00,-1208.762699,17993.147492,3366.829968,-62443.491416,5831.59947,39673.819068
2024-05-18 00:00:00,897.910622,-262.858165,-6747.857297,-8671.592737,759.530843,-75745.111696
2024-05-18 00:30:00,289.348812,22.911215,2149.485411,72079.103272,-6505.203304,23823.171573
2024-05-18 01:00:00,410.590751,-5441.135006,4992.914865,-51706.44455,4662.699719,55680.564024
2024-05-18 01:30:00,-1727.502566,-8551.308002,-6112.968718,-27256.383416,2555.017683,-70680.218078
2024-05-18 02:00:00,418.889335,28751.909656,184.032137,70136.945942,-6841.850696,3643.262295
2024-05-18 02:30:00,2889.595785,-16335.829996,5347.561503,-31169.173076,3151.293228,67607.865877
2024-05-18 03:00:00,-3443.675479,-29043.545932,-4202.428135,-36227.072076,4162.117761,-60423.364842
2024-05-18 03:30:00,-846.630114,51947.216855,-1292.250692,52732.379133,-6680.669016,-16794.742943
2024-05-18 04:00:00,5266.982026,-11615.144263,4146.158505,-10765.48476,1408.400343,74569.955739
2024-05-18 04:30:00,-3682.782396,-53105.42125,-1843.492237,-29799.925715,5463.099071,-45739.551362
2024-05-18 05:00:00,-2888.33251,61466.90426,-1505.448122,26334.084704,-6033.543988,-36020.969866
2024-05-18 05:30:00,6608.287795,4978.887151,1757.94888,-171.667353,-437.451196,76051.485469
2024-05-18 06:00:00,-2508.057882,-70350.0406,-34.000464,-8775.27339,6363.074119,-27714.352036
2024-05-18 06:30:00,-4740.733076,54840.73133,-230.608033,1028.120049,-4947.215785,-52653.033809
2024-05-18 07:00:00,6403.908107,24527.292208,-950.27338,-4633.086489,-2251.056917,71956.314903
2024-05-18 07:30:00,-583.61996,-73076.857012,483.505045,19792.595658,6796.514805,-7671.035708
2024-05-18 08:00:00,-5502.371455,36309.197793,2111.346114,-13726.439714,-3500.242458,-65475.491811
2024-05-18 08:30:00,4785.130814,36787.043419,-2982.952078,-22720.94047,-3899.535811,62606.988329
2024-05-18 09:00:00,1111.841234,-59545.489082,-462.48234,45588.700635,6732.059794,12929.380988
2024-05-18 09:30:00,-4722.020536,15023.918231,4629.423647,-13103.390794,-1797.4052,-73536.059825
2024-05-18 10:00:00,2465.825536,34613.734099,-3638.102149,-46961.968681,-5263.057138,48712.653068
2024-05-18 10:30:00,1704.533865,-34717.915677,-2400.557208,59392.721691,6174.452866,32588.876348
2024-05-18 11:00:00,-2593.32387,1151.205806,6340.487056,1038.059816,37.893545,-76218.323763
2024-05-18 11:30:00,436.699198,17009.033731,-2801.747717,-67061.537808,-6243.502136,31292.735991
2024-05-18 12:00:00,800.454678,-8165.614377,-4417.945311,56982.167204,5163.749904,49873.56297
2024-05-18 12:30:00,124.16724,1518.320164,6586.193276,20911.740366,1870.556586,-73302.579117
2024-05-18 13:00:00,-454.899359,-10466.354102,-994.929045,-74262.876471,-6769.583638,11616.614759
2024-05-18 13:30:00,-1344.702109,9993.194123,-5550.855189,40909.968927,3773.680816,63512.590338
2024-05-18 14:00:00,2426.025321,16630.046057,5315.335548,36166.867691,3565.786036,-65000.163376
2024-05-18 14:30:00,133.148544,-38030.005617,850.785895,-65069.242511,-6802.982039,-8890.883074
2024-05-18 15:00:00,-3930.788487,13390.899205,-5197.198933,19417.728831,2106.796067,72489.288337
2024-05-18 15:30:00,3490.538607,40439.30993,3105.549351,38359.970749,4998.85758,-51927.997552
2024-05-18 16:00:00,1892.665506,-55801.342209,1794.005826,-42715.768634,-6341.547335,-28758.426325
2024-05-18 16:30:00,-5953.981325,2140.222241,-3377.420869,2885.267427,285.770194,76140.489264
2024-05-18 17:00:00,3028.153784,62941.98222,915.257797,24610.33621,6064.644736,-35060.777392
2024-05-18 17:30:00,3998.393962,-57956.465817,1286.106191,-15805.144903,-5418.930984,-46555.964756
2024-05-18 18:00:00,-6634.918193,-17245.28454,-726.42962,-639.817645,-1555.872185,74205.673149
2024-05-18 18:30:00,1401.676863,74470.139872,-326.505976,-1157.585592,6685.745818,-15638.805463
2024-05-18 19:00:00,5460.337911,-45174.274459,-593.355044,5312.4309,-4101.587315,-60993.507921
2024-05-18 19:30:00,-5749.675332,-34677.200986,1776.28964,11096.602746,-3283.341381,66845.834201
2024-05-18 20:00:00,-531.577881,69808.652435,-115.98706,-29880.765265,6817.109362,4917.305755
2024-05-18 20:30:00,5545.85101,-24349.767616,-3168.045499,12910.2117,-2484.917571,-71004.791113
2024-05-18 21:00:00,-3723.258261,-40847.476991,3222.747118,33604.528073,-4770.860309,54623.132162
2024-05-18 21:30:00,-1788.413728,50409.246475,1411.148571,-51196.634071,6449.280236,25113.006753
2024-05-18 22:00:00,4094.111605,-5662.53849,-5450.335072,5177.451477,-686.513403,-75834.889962
2024-05-18 22:30:00,-1446.010641,-31223.869095,3160.44238,57589.658785,-5911.027267,38445.606712
2024-05-18 23:00:00,-1680.714297,23771.136987,3539.315364,-57814.099046,5608.769396,43484.535309
2024-05-18 23:30:00,1587.159591,1775.880887,-6560.051794,-13002.460339,1162.899997,-75106.329888
2024-05-19 00:00:00,105.821627,-7968.825385,1781.505079,72923.899107,-6620.94311,19496.288859
2024-05-19 00:30:00,-110.666025,275.690977,5277.335572,-48594.791889,4357.026046,58680.254701
2024-05-19 01:00:00,-1051.885746,-6145.743169,-6098.661972,-32124.251119,2927.359377,-68858.577376
2024-05-19 01:30:00,284.782878,20970.020282,-161.942797,72928.272285,-6849.273909,-858.696701
2024-05-19 02:00:00,2383.366789,-11220.622561,5783.321929,-29030.514997,2785.31073,69579.520607
2024-05-19 02:30:00,-2850.456052,-26733.703541,-4320.694785,-42168.472146,4476.473323,-57557.296742
2024-05-19 03:00:00,-951.183421,45203.189529,-1679.544609,57200.456489,-6579.580326,-21150.767229
2024-05-19 03:30:00,4854.850606,-7173.390472,4726.006463,-8887.748282,1009.120005,75371.337952
2024-05-19 04:00:00,-3201.687049,-51638.447296,-2024.034786,-36941.239409,5696.578237,-42045.182836
2024-05-19 04:30:00,-3021.266745,56279.386545,-1968.380147,31790.927959,-5831.590484,-39918.549633
2024-05-19 05:00:00,6352.451657,9144.457864,2428.389578,1997.923142,-840.675097,75628.901231
2024-05-19 05:30:00,-2120.300196,-70444.600395,-207.172375,-16738.336822,6498.954045,-23465.665154
2024-05-19 06:00:00,-4971.618283,51232.732095,-757.13712,6643.852321,-4659.212429,-55810.89258
2024-05-19 06:30:00,6324.747785,29077.761522,-269.266458,-2031.722751,-2628.685676,70348.177715
2024-05-19 07:00:00,-233.152622,-75112.833466,356.957658,11771.378614,6825.215711,-3180.065646
2024-05-19 07:30:00,-5881.009108,33829.793316,1577.443809,-8591.114902,-3147.272326,-67662.862979
2024-05-19 08:00:00,4853.632134,42332.594947,-2366.993285,-20040.269341,-4224.218154,59940.056483
2024-05-19 08:30:00,1491.062782,-63394.148177,-549.829398,38373.890462,6651.814615,17334.779534
2024-05-19 09:00:00,-5254.683798,12973.572696,4167.166339,-8652.867897,-1405.473727,-74590.601848
2024-05-19 09:30:00,2616.928584,41411.46886,-3129.466518,-44909.492122,-5511.312881,45190.725243
2024-05-19 10:00:00,2157.296068,-39781.36875,-2498.823543,53618.92031,5991.558826,36587.274891
2024-05-19 10:30:00,-3237.641072,-1100.534337,6020.224647,5088.225666,439.964667,-76062.509993
2024-05-19 11:00:00,596.95797,24815.264956,-2394.8206,-66405.294048,-6397.614028,27178.305874
2024-05-19 11:30:00,1327.873855,-13617.2158,-4597.308566,52817.597489,4892.057634,53172.567672
2024-05-19 12:00:00,-555.728498,-1202.848888,6441.766339,25188.425605,2253.230117,-71949.900211
2024-05-19 12:30:00,-335.817852,-2338.709518,-640.799887,-75508.848766,-6819.031464,7206.916789
2024-05-19 13:00:00,-788.621651,4879.016337,-5870.340274,38015.763829,3433.207142,65873.68387
2024-05-19 13:30:00,1791.116811,13667.93172,5330.5938,41336.912114,3901.298307,-62553.921617
2024-05-19 14:00:00,205.754784,-30459.380537,1219.865192,-68234.911515,-6744.623512,-13282.153576
2024-05-19 14:30:00,-3422.776156,8949.320592,-5676.822776,17124.344841,1722.505484,73742.458658
2024-05-19 15:00:00,2954.3216,37882.681805,3222.379548,44804.654302,5262.758766,-48573.332542
2024-05-19 15:30:00,1960.055578,-49519.336941,2231.880417,-47311.419341,-6179.859695,-32816.367886
2024-05-19 16:00:00,-5570.884188,-1797.770411,-3987.13958,508.895565,-114.000621,76196.946196
2024-05-19 16:30:00,2597.653943,61588.814783,1059.046017,32222.042563,6237.947969,-31047.723585
2024-05-19 17:00:00,4129.565178,-53270.119193,1806.722324,-21031.602557,-5165.801667,-49988.39797
2024-05-19 17:30:00,-6422.985472,-21249.598896,-1396.374594,-3483.383732,-1941.819389,73066.853208
2024-05-19 18:00:00,1037.491635,74932.893992,-214.780597,7029.025412,6756.090244,-11263.226
2024-05-19 18:30:00,5721.035639,-41871.572518,-24.938625,241.100769,-3775.605667,-63549.878443
2024-05-19 19:00:00,-5706.579632,-39441.96005,1129.143875,7887.153615,-3627.307178,64603.349049
2024-05-19 19:30:00,-895.213974,72250.440878,-54.395112,-21986.000261,6779.719905,9336.115356
2024-05-19 20:00:00,5968.810749,-21821.367352,-2623.670966,8453.364665,-2109.916177,-72496.86747
2024-05-19 20:30:00,-3800.210857,-46861.954746,2662.233928,30590.765698,-5047.956033,51449.398814
2024-05-19 21:00:00,-2212.204126,54467.010677,1452.808055,-44402.760872,6307.260151,29253.270076
2024-05-19 21:30:00,4662.710059,-3193.991621,-5010.624942,1299.440669,-290.081864,-76152.139378
2024-05-19 22:00:00,-1569.584719,-38522.730905,2707.278849,55568.110491,-6101.365583,34578.383448
2024-05-19 22:30:00,-2191.402732,28698.458786,3625.810713,-52565.993935,5372.794649,47044.42345
2024-05-19 23:00:00,2240.017199,4678.978503,-6282.582767,-16788.802048,1551.504604,-74226.924187
2024-05-19 23:30:00,2.187287,-16076.991769,1407.481661,72596.943454,-6711.220877,15219.429014
2024-05-20 00:00:00,-686.027039,5246.047836,5479.324412,-44819.283099,4044.710819,61400.290829
2024-05-20 00:30:00,-397.891345,-2771.965809,-5995.35545,-36521.428263,3279.780291,-66850.437855
2024-05-20 01:00:00,232.159127,12879.93608,-519.193328,74604.543258,-6833.452861,-5238.930324
2024-05-20 01:30:00,1808.079752,-6781.51838,6145.658545,-26196.937795,2419.582252,71262.812688
2024-05-20 02:00:00,-2267.761878,-23348.644594,-4353.585829,-47761.412427,4767.274629,-54571.81829
2024-05-20 02:30:00,-971.085573,37997.248663,-2086.331347,60655.274686,-6459.050318,-25322.173791
2024-05-20 03:00:00,4362.109941,-3363.809732,5246.060827,-6271.815592,616.962825,75896.453551
2024-05-20 03:30:00,-2723.890024,-49017.659971,-2122.967086,-43903.928899,5904.678197,-38305.799195
2024-05-20 04:00:00,-3067.579954,50526.455073,-2463.004056,36352.954488,-5615.28497,-43582.674767
2024-05-20 04:30:00,6009.610661,12717.617976,3054.949143,4979.890474,-1230.57565,74962.716239
2024-05-20 05:00:00,-1731.128069,-69359.375196,-300.411995,-24721.841424,6609.365832,-19249.431102
2024-05-20 05:30:00,-5117.515313,47001.049179,-1330.369977,11472.2631,-4363.046209,-58700.917507
2024-05-20 06:00:00,6157.515613,33097.417186,383.133924,1483.441487,-2987.735507,68546.457409
2024-05-20 06:30:00,123.481106,-76004.414365,311.657739,3532.370529,6830.238229,1204.79639
2024-05-20 07:00:00,-6181.60501,30691.211082,981.285318,-4165.750749,-2792.830749,-69567.399887
2024-05-20 07:30:00,4836.688491,47453.291254,-1767.377466,-16333.949665,-4526.449294,57142.768579
2024-05-20 08:00:00,1883.734976,-66184.864306,-552.591845,30774.292575,6551.381696,21568.982028
2024-05-20 08:30:00,-5721.39872,10222.69656,3629.597923,-4864.484993,-1018.773018,-75367.759062
2024-05-20 09:00:00,2686.160311,47941.035627,-2628.712936,-41738.824391,-5735.049282,41608.209571
2024-05-20 09:30:00,2634.662954,-43900.375006,-2509.50069,47341.84293,5793.277507,40362.918696
2024-05-20 10:00:00,-3831.213573,-4117.722086,5616.345645,8510.921686,830.370651,-75655.219335
2024-05-20 10:30:00,677.692886,32544.352958,-1990.298785,-64583.396662,-6526.853592,23076.327748
2024-05-20 11:00:00,1894.345626,-18233.742497,-4689.227758,48078.324692,4610.802828,56213.801192
2024-05-20 11:30:00,-1200.356599,-4786.294651,6210.831776,28886.175194,2618.789162,-70390.753473
2024-05-20 12:00:00,-296.727535,5912.264752,-284.66938,-75601.026175,-6844.871718,2882.242409
2024-05-20 12:30:00,-177.637943,516.159755,-6107.269444,34506.830748,3089.786856,67958.560457
2024-05-20 13:00:00,1178.406839,9727.628273,5260.843558,46014.153161,4215.422723,-59961.295061
2024-05-20 13:30:00,195.144055,-22585.539866,1597.077764,-70314.145546,-6665.61584,-17522.142303
2024-05-20 14:00:00,-2845.50466,5207.753821,-6084.223832,14178.215601,1341.996617,74721.244225
2024-05-20 14:30:00,2431.075402,34240.216607,3257.536961,50894.92424,5502.637145,-45142.43982
2024-05-20 15:00:00,1940.387422,-42798.0116,2687.711219,-50924.042365,-6001.964241,-36667.788951
2024-05-20 15:30:00,-5108.318069,-5068.225533,-4538.949091,-2580.300357,-503.621642,76000.978402
2024-05-20 16:00:00,2174.29672,59080.873816,1123.57471,39661.756991,6386.402769,-27031.987861
2024-05-20 16:30:00,4172.086012,-48058.304786,2359.010604,-25384.120513,-4901.974424,-53174.257068
2024-05-20 17:00:00,-6126.788022,-24624.885009,-2023.936811,-7131.739758,-2311.953865,71716.648337
2024-05-20 17:30:00,676.179901,74229.786694,-182.500165,15244.543473,6802.526176,-6958.464605
2024-05-20 18:00:00,5896.054572,-37993.972421,591.058418,-4045.356602,-3445.21621,-65836.717892
2024-05-20 18:30:00,-5579.263744,-43650.323845,510.446879,3756.782091,-3951.055641,62205.344066
2024-05-20 19:00:00,-1261.46731,73575.30962,-75.294561,-13873.738888,6721.061715,13616.917865
2024-05-20 19:30:00,6314.550862,-18679.898486,-2016.402855,4724.62982,-1737.083173,-73715.839099
2024-05-20 20:00:00,-3795.70557,-52442.029432,2119.774479,26539.811611,-5301.943731,48186.293532
2024-05-20 20:30:00,-2647.439999,57499.349195,1407.708188,-37241.120551,6148.106204,33198.946981
2024-05-20 21:00:00,5167.111025,-57.994205,-4496.183803,-1883.508958,97.881794,-76212.71476
2024-05-20 21:30:00,-1614.388818,-45556.877024,2265.461059,52423.617137,-6267.384046,30693.059346
2024-05-20 22:00:00,-2726.253238,32706.865385,3622.655728,-46849.318491,5125.061206,50366.631593
2024-05-20 22:30:00,2843.842861,8334.72273,-5923.658232,-19910.840986,1926.072732,-73125.487929
2024-05-20 23:00:00,-23.15692,-24118.390073,1040.148555,71113.668936,-6777.748629,10993.524761
2024-05-20 23:30:00,-1301.186476,9391.45998,5592.861906,-40515.227839,3726.606712,63857.770253
2024-05-21 00:00:00,221.553238,1468.164091,-5808.9529,-40311.037298,3613.512573,-64671.27736
2024-05-21 00:30:00,260.293952,4661.150977,-874.451712,75151.508107,-6796.001236,-9501.295923
2024-05-21 01:00:00,1177.002116,-3104.673539,6425.988632,-22796.428101,2054.645281,72675.80228
2024-05-21 01:30:00,-1708.27132,-18973.16157,-4305.32889,-52848.356334,5036.042948,-51478.38143
2024-05-21 02:00:00,-905.717346,30497.916309,-2498.635818,63057.169329,-6320.535092,-29317.916139
2024-05-21 02:30:00,3800.209167,-282.293943,5695.696284,-3040.963185,232.020601,76164.272894
2024-05-21 03:00:00,-2261.828175,-45302.600496,-2143.460744,-50514.078471,6089.014232,-34529.409422
2024-05-21 03:30:00,-3024.5244,44363.187967,-2974.728589,39962.335129,-5385.935034,-47024.890073
2024-05-21 04:00:00,5589.048315,15586.90303,3625.706047,8655.094139,-1607.472489,74070.876583
2024-05-21 04:30:00,-1352.975892,-67123.680841,-316.127821,-32543.658874,6696.070107,-15067.98977
2024-05-21 05:00:00,-5173.312197,42287.570488,-1935.774342,15443.433134,-4059.634571,-61338.853505
2024-05-21 05:30:00,5909.342743,36456.378763,994.474984,5801.841207,-3328.954839,66567.420372
2024-05-21 06:00:00,473.31388,-75750.433818,345.955483,-4743.736146,6813.300849,5485.715083
2024-05-21 06:30:00,-6396.487583,27026.779528,336.563582,-529.347779,-2437.513322,-71206.960938
2024-05-21 07:00:00,4739.68961,51998.830415,-1196.591665,-11696.825654,-4807.368342,54228.163938
2024-05-21 07:30:00,2276.123439,-67890.210443,-471.240871,22961.706699,6432.300859,25638.913301
2024-05-21 08:00:00,-6112.262174,6900.576729,3028.761945,-1828.098374,-637.596387,-75886.878358
2024-05-21 08:30:00,2677.767727,54033.588632,-2148.353332,-37520.416139,-5935.562159,37975.666501
2024-05-21 09:00:00,3122.126375,-47027.382897,-2431.231315,40719.988686,5580.958202,43926.004259
2024-05-21 09:30:00,-4362.693574,-7776.357165,5138.797547,11202.660595,1209.28597,-75016.185377
2024-05-21 10:00:00,682.14005,40018.000848,-1600.903444,-61637.30879,-6632.667069,18994.064229
2024-05-21 10:30:00,2485.266051,-21953.731257,-4689.956634,42909.793277,4321.057705,59009.764157
2024-05-21 11:00:00,-1797.64423,-9116.977297,5901.138759,31885.060252,2968.009521,-68642.489694
2024-05-21 11:30:00,-335.455273,14107.77675,60.436047,-74551.482407,-6848.666605,-1356.598217
2024-05-21 12:00:00,474.127788,-3024.812913,-6255.440614,30518.43582,2743.994544,69782.523556
2024-05-21 12:30:00,600.042492,4912.019528,5111.935081,50059.725283,4509.326884,-57235.995166
2024-05-21 13:00:00,102.331187,-14581.485579,1968.741671,-71292.180837,-6567.48264,-21615.238171
2024-05-21 13:30:00,-2211.841597,2245.762992,-6410.849336,10709.15974,965.391896,75441.804927
2024-05-21 14:00:00,1932.739,29595.533173,3215.465701,56473.171593,5719.970731,-41643.472778
2024-05-21 14:30:00,1833.072133,-35799.725011,3147.109406,-53517.225163,-5809.16975,-40322.210601
2024-05-21 15:00:00,-4577.290595,-7578.946393,-5022.453144,-6254.699246,-883.341348,75568.682073
2024-05-21 15:30:00,1769.975025,55475.1547,1112.45209,46756.918844,6511.57456,-23017.057344
2024-05-21 16:00:00,4123.121099,-42471.360476,2928.191057,-28810.55738,-4628.507332,-56126.715001
2024-05-21 16:30:00,-5755.245828,-27261.617932,-2597.669009,-11461.925626,-2666.961474,70169.664436
2024-05-21 17:00:00,329.898523,72387.66943,-226.730026,23310.595782,6826.614486,-2722.613897
2024-05-21 17:30:00,5980.027066,-33681.94363,1240.132412,-7483.957153,-3111.109011,-67870.10658
2024-05-21 18:00:00,-5374.745203,-47171.125597,-67.974842,-1181.957191,-4255.545495,59664.632175
2024-05-21 18:30:00,-1617.353384,73780.778207,-176.614326,-5718.906217,6642.595721,17765.329705
2024-05-21 19:00:00,6575.250391,-15060.04491,-1359.625118,1796.454641,-1366.750109,-74679.390574
2024-05-21 19:30:00,-3715.338705,-57435.744197,1607.224294,21545.75917,-5534.029774,44843.878544
2024-05-21 20:00:00,-3080.148786,59480.501203,1276.458125,-29876.839947,5973.083232,36958.692151
2024-05-21 20:30:00,5597.591849,3613.871452,-3918.586774,-4286.058314,477.345674,-76034.643716
2024-05-21 21:00:00,-1585.056229,-52159.14408,1846.963467,48223.991415,-6410.46364,26796.675484
2024-05-21 21:30:00,-3270.562606,35754.757548,3528.29743,-40818.895652,4866.614209,53461.945346
2024-05-21 22:00:00,3387.778316,12614.661648,-5492.896881,-22264.716504,2286.660529,-71820.132887
2024-05-21 22:30:00,26.090735,-31917.853606,692.128602,68512.054472,-6822.008389,6824.058732
2024-05-21 23:00:00,-1941.48651,12656.817293,5613.842514,-35828.878479,3403.567953,66065.055573
2024-05-21 23:30:00,794.916493,6456.839492,-5547.264563,-43368.604615,3928.957332,-62338.020525
2024-05-22 00:00:00,366.583114,-3511.887267,-1214.406412,74579.174997,-6738.509775,-13644.205725
2024-05-22 00:30:00,504.056816,-255.235583,6617.768591,-18968.991995,1690.985745,73833.20536
2024-05-22 01:00:00,-1183.710576,-13709.735976,-4182.234949,-57285.081147,5283.511582,-48291.757079
2024-05-22 01:30:00,-756.203839,22873.136458,-2902.327304,64392.160437,-6165.636856,-33140.089954
2024-05-22 02:00:00,3181.62843,1994.143194,6066.258064,668.93434,-145.637516,76190.445788
2024-05-22 02:30:00,-1827.246479,-40574.00315,-2090.642505,-56611.002606,6250.716385,-30725.509313
2024-05-22 03:00:00,-2891.318115,37948.163259,-3488.839596,42586.942044,-5144.904054,-50252.325256
2024-05-22 03:30:00,5101.365715,17659.069704,4130.52701,12890.400104,-1971.573196,72969.266922
2024-05-22 04:00:00,-997.937006,-63790.654111,-258.622435,-40032.160541,6760.365859,-10926.962019
2024-05-22 04:30:00,-5135.842154,37242.186178,-2558.526411,18511.452797,-3750.13096,-63735.180352
2024-05-22 05:00:00,5588.949487,39041.532534,1553.83056,10797.697097,-3652.913388,64425.732918
2024-05-22 05:30:00,803.636271,-74375.646501,456.409291,-12882.667389,6775.783175,9661.805917
2024-05-22 06:00:00,-6520.046755,22980.431792,-342.450577,2260.924679,-2082.159185,-72595.11834
2024-05-22 06:30:00,4569.811391,55834.354806,-665.896265,-6240.98756,-5067.784105,51209.724825
2024-05-22 07:00:00,2654.60315,-68508.889328,-307.938873,15105.883805,6295.968946,29547.320947
2024-05-22 07:30:00,-6419.492608,3146.967782,2377.667356,387.040369,-262.349079,-76163.639106
2024-05-22 08:00:00,2597.765706,59535.873664,-1699.88173,-32345.437686,-6113.861616,34304.612622
2024-05-22 08:30:00,3605.190271,-49140.963461,-2264.3366,33915.046713,5355.968311,47281.989678
2024-05-22 09:00:00,-4822.652936,-11939.540702,4598.87143,13078.333741,1576.685517,-74161.826646
2024-05-22 09:30:00,615.500634,47070.529701,-1238.598786,-57632.581549,-6716.177676,14941.304369
2024-05-22 10:00:00,3085.681042,-24742.3353,-4597.322641,37468.036435,4024.256837,61567.242937
2024-05-22 10:30:00,-2337.221218,-14062.453116,5522.29879,34077.328281,3300.920077,-66722.252978
2024-05-22 11:00:00,-447.711878,22076.837251,381.566324,-72398.474209,-6831.71982,-5500.84081
2024-05-22 11:30:00,1152.109951,-5696.456294,-6310.214379,26203.544056,2397.324057,71354.891668
2024-05-22 12:00:00,66.926561,-658.953316,4892.050607,53343.639121,4783.366251,-54395.417031
2024-05-22 12:30:00,-69.732168,-6617.107301,2320.87172,-71183.649426,-6451.694261,-25555.808076
2024-05-22 13:00:00,-1535.273335,125.659372,-6649.916409,6869.679907,594.190245,75917.266742
2024-05-22 13:30:00,1470.679921,24048.373566,3103.297349,61389.088614,5915.459637,-38093.53718
2024-05-22 14:00:00,1639.163562,-28689.473669,3595.399245,-55084.439218,-5603.045358,-43778.963854
2024-05-22 14:30:00,-3989.837672,-9249.693938,-5429.265778,-10366.284462,-1252.075784,74917.396312
2024-05-22 15:00:00,1396.736266,50846.605467,1031.862168,53344.473975,6614.480857,-19019.006906
2024-05-22 15:30:00,3981.498947,-36669.064776,3499.219826,-31287.538683,-4347.009862,-58849.115076
2024-05-22 16:00:00,-5318.869465,-29059.598217,-3108.06283,-16333.412712,-3006.218499,68445.730898
2024-05-22 16:30:00,11.54218,69455.843495,-342.380735,31057.959636,6829.704949,1430.916642
2024-05-22 17:00:00,5969.443424,-29090.433698,1907.513819,-10036.439486,-2774.771472,-69657.810973
2024-05-22 17:30:00,-5102.060698,-49884.341108,-595.853416,-6801.180851,-4540.750572,57001.020224
2024-05-22 18:00:00,-1949.108937,72892.526337,-354.65173,2309.062948,6545.892644,21772.426799
2024-05-22 18:30:00,6745.200453,-11114.068703,-667.267374,-278.008815,-1000.211399,-75399.204471
2024-05-22 19:00:00,-3566.917325,-61704.05383,1135.426936,15718.531015,-5744.682382,41440.490154
2024-05-22 19:30:00,-3495.771061,60415.400127,1060.97534,-22476.849951,5783.883916,40528.529789
2024-05-22 20:00:00,5946.634112,7671.937896,-3290.524568,-5837.82737,847.291329,-75632.791932
2024-05-22 20:30:00,-1488.308712,-58175.338364,1463.166514,43056.617254,-6531.541775,22904.36597
2024-05-22 21:00:00,-3809.343267,37829.622876,3342.671504,-34636.272136,4599.088811,56332.659386
2024-05-22 21:30:00,3862.984426,17373.794341,-5001.491579,-23761.366446,2632.657358,-70328.827514
2024-05-22 22:00:00,144.013073,-39311.803736,375.649258,64854.810752,-6845.206239,2724.64624
2024-05-22 22:30:00,-2591.921245,15015.872307,5539.763442,-30919.646658,3077.326719,68028.215382
2024-05-22 23:00:00,1312.554048,12057.813255,-5220.183735,-45581.722131,4225.795501,-59871.13257
2024-05-22 23:30:00,546.249848,-11473.307427,-1525.744843,72925.674274,-6662.522088,-17656.659514
2024-05-23 00:00:00,-196.461432,1726.531873,6716.27133,-14872.770014,1330.21437,74746.208382
2024-05-23 00:30:00,-704.348191,-7678.478526,-3993.161364,-60938.338379,5509.789119,-45033.665734
2024-05-23 01:00:00,-525.644489,15287.111688,-3283.025403,64677.93534,-5996.172008,-36781.149025
2024-05-23 01:30:00,2519.476714,3407.042313,6351.195792,4700.409056,-514.627507,75990.693982
2024-05-23 02:00:00,-1431.336785,-34929.894138,-1972.500402,-62045.261495,6390.305346,-26916.13014
2024-05-23 02:30:00,-2668.851313,31444.032014,-3990.267256,44227.509017,-4894.235699,-53261.329439
2024-05-23 03:00:00,4558.388435,18854.319566,4561.528854,17532.120899,-2321.824877,71677.534929
2024-05-23 03:30:00,-678.23744,-59434.633985,-134.877677,-47027.760904,6803.287066,-6846.300116
2024-05-23 04:00:00,-5003.683631,32026.415084,-3183.525611,20661.330625,-3436.594685,-65891.843536
2024-05-23 04:30:00,5206.905734,40750.721831,2052.324815,16327.319099,-3959.008171,62143.558511
2024-05-23 05:00:00,1101.183747,-71930.916461,637.435,-20720.206596,6719.187288,13717.356275
2024-05-23 05:30:00,-6548.677136,18712.590859,-1041.156527,4173.652205,-1728.601658,-73740.038099
2024-05-23 06:00:00,4336.515164,58837.356537,-185.00298,-94.990772,-5307.634664,48110.221016
2024-05-23 06:30:00,3004.897619,-68071.171402,-66.553406,7372.148449,6144.211028,33283.060065
2024-05-23 07:00:00,-6637.554876,-878.53201,1689.972281,1730.927844,105.368556,-76211.077335
2024-05-23 07:30:00,2454.616331,64308.088179,-1293.804756,-26322.4343,-6270.441954,30616.49382
2024-05-23 08:00:00,4068.971525,-50252.690145,-2010.681036,27091.0268,5120.311773,50426.148838
2024-05-23 08:30:00,-5204.013861,-16452.004932,4009.038173,14068.720245,1931.498109,-73108.808113
2024-05-23 09:00:00,485.100459,53550.099498,-914.581741,-52654.995906,-6778.444462,10933.992856
2024-05-23 09:30:00,3680.502601,-26594.893911,-4411.068288,31914.479093,3722.237846,63889.570263
2024-05-23 10:00:00,-2810.895812,-19473.76778,5085.527654,35372.392882,3616.85684,-64649.906999
2024-05-23 10:30:00,-627.100838,29660.735464,666.58128,-69203.377098,-6795.482708,-9538.222746
2024-05-23 11:00:00,1841.472276,-7479.907612,-6269.096598,21721.831864,2051.425101,72685.432755
2024-05-23 11:30:00,-411.913896,-6847.909746,4611.303705,55753.689641,5037.418173,-51460.680893
2024-05-23 12:00:00,-315.923746,1147.558856,2640.305936,-70027.194532,-6319.957611,-29336.611695
2024-05-23 12:30:00,-829.819768,-1118.111872,-6796.861581,2818.166958,229.618912,76162.927345
2024-05-23 13:00:00,1054.754168,17718.580256,2930.232619,65511.195336,6089.473885,-34513.622197
2024-05-23 13:30:00,1361.946094,-21626.464147,4018.316634,-55646.048535,-5385.431953,-47034.434788
2024-05-23 14:00:00,-3358.799287,-10026.918014,-5753.156455,-14757.118368,-1608.86057,74065.615863
2024-05-23 14:30:00,1065.403489,45293.272747,890.178814,59278.262974,6695.992178,-15057.33996
2024-05-23 15:00:00,3748.299529,-30809.702934,4057.239578,-32820.352165,-4059.387568,-61342.275991
2024-05-23 15:30:00,-4829.221829,-29943.339497,-3547.692199,-21592.684216,-3329.189429,66565.426698
2024-05-23 16:00:00,-266.878767,65509.401188,-522.109041,38332.026554,6813.096304,5485.74802
2024-05-23 16:30:00,5863.015475,-24379.487803,2578.354849,-11692.988501,-2438.086922,-71205.482271
2024-05-23 17:00:00,-4771.723729,-51690.735029,-1064.835764,-12957.399157,-4806.543262,54236.03139
2024-05-23 17:30:00,-2243.506932,70964.005394,-603.515274,10051.427006,6432.613503,25626.216211
2024-05-23 18:00:00,6821.007562,-7003.315527,46.389133,-1472.439225,-639.155114,-75886.186269
2024-05-23 18:30:00,-3360.01257,-65126.856817,713.55219,9185.738356,-5934.252274,37997.343203
2024-05-23 19:00:00,-3880.049114,60338.635681,765.346536,-15201.279834,5582.422352,43901.717642
2024-05-23 19:30:00,6209.086065,11954.437328,-2625.347882,-6492.853525,1206.327476,-75022.894971
2024-05-23 20:00:00,-1332.836945,-63468.460792,1124.171818,37028.538751,-6631.471906,19034.877833
2024-05-23 20:30:00,-4327.83932,38947.796046,3067.775676,-28461.145043,4324.409806,58979.21595
2024-05-23 21:00:00,4262.864156,22455.296137,-4461.690154,-24334.620115,2963.350696,-68669.83169
2024-05-23 21:30:00,322.860844,-46152.610568,101.707374,60227.436573,-6848.548663,-1290.327771
2024-05-23 22:00:00,-3237.53027,16470.398645,5370.363191,-25947.750447,2749.836917,69753.621136
2024-05-23 22:30:00,1766.848422,18120.763718,-4838.906997,-46861.367502,4503.841704,-57290.639335
2024-05-23 23:00:00,792.592451,-19069.747566,-1796.339455,70254.133064,-6569.531781,-21528.771732
2024-05-23 23:30:00,-910.062673,2826.70245,6719.062492,-10669.044915,974.109347,75427.131401
2024-05-24 00:00:00,-278.689869,-1015.726489,-3748.438651,-63696.716753,5715.178656,-41725.186811
2024-05-24 00:30:00,-219.216787,7895.482793,-3627.371058,63957.988605,-5813.853827,-40235.419322
2024-05-24 01:00:00,1827.383089,3923.792155,6546.251025,8890.761238,-873.419549,75582.321706
2024-05-24 01:30:00,-1083.635447,-28487.38888,-1798.67096,-66687.225083,6508.552314,-23122.547709
2024-05-24 02:00:00,-2360.348543,25007.457335,-4464.656593,44911.305223,-4635.825855,-56050.675897
2024-05-24 02:30:00,3972.743315,19119.114185,4913.061589,22418.766405,-2657.096175,70216.845235
2024-05-24 03:00:00,-404.626893,-54151.773043,46.308576,-53388.095818,6826.100428,-2845.364656
2024-05-24 03:30:00,-4777.833411,26798.962779,-3795.994425,21904.984798,-3120.937102,-67812.95625
2024-05-24 04:00:00,4774.899535,41507.074497,2483.161466,22235.431366,-4246.600202,59744.67706
2024-05-24 04:30:00,1353.711078,-68492.418122,881.330502,-28107.039662,6645.175693,17634.885629
2024-05-24 05:00:00,-6481.134847,14386.919016,-1744.950036,5205.722495,-1378.901852,-74650.5324
2024-05-24 05:30:00,4050.749996,60907.686999,238.350073,6597.578317,-5526.815642,44955.016799
2024-05-24 06:00:00,3313.396171,-66635.722355,246.817249,-85.747337,5979.101421,36833.039192
2024-05-24 06:30:00,-6763.321945,-5007.439308,979.662255,2181.174668,463.60643,-76043.914195
2024-05-24 07:00:00,2258.690692,68230.327061,-938.951496,-19577.843709,-6405.743804,26937.128579
2024-05-24 07:30:00,4498.875981,-50405.79929,-1674.282369,20405.997143,4876.39972,53350.944596
2024-05-24 08:00:00,-5502.196923,-21144.595822,3382.482495,14126.863302,2271.992252,-71877.84039
2024-05-24 08:30:00,300.508739,59322.547426,-639.135402,-46809.957774,-6820.491683,6996.766953
2024-05-24 09:00:00,4254.81168,-27538.661644,-4132.959128,26411.500913,3417.544968,65976.698994
2024-05-24 09:30:00,-3212.907511,-25187.71928,4603.290835,35699.492005,3914.632724,-62451.051208
2024-05-24 10:00:00,-865.197184,36716.342665,903.948057,-65051.155199,-6741.582956,-13448.545163
2024-05-24 10:30:00,2527.492561,-8384.690587,-6131.817283,17237.867602,1708.580871,73782.617121
2024-05-24 11:00:00,-829.55457,-13503.690071,4281.448965,57197.617401,5270.97763,-48459.95641
2024-05-24 11:30:00,-629.267749,8564.101202,2914.104364,-67890.251003,-6174.347099,-32941.556214
2024-05-24 12:00:00,-109.664501,-1476.342868,-6849.520894,-1276.146558,-126.175603,76193.877984
2024-05-24 12:30:00,693.115623,10741.502006,2707.540111,68727.511747,6242.132048,-30933.928413
2024-05-24 13:00:00,1006.464433,-14764.332724,4401.72288,-55254.595211,-5158.854783,-50077.255044
2024-05-24 13:30:00,-2697.661149,-9878.623804,-5990.456777,-19255.996463,-1951.870731,73034.388887
2024-05-24 14:00:00,785.55201,38932.058989,697.997347,64431.650329,6756.957302,-11160.892451
2024-05-24 14:30:00,3426.343982,-25053.158861,4587.504833,-33447.647308,-3768.430881,-63602.183519
2024-05-24 15:00:00,-4299.146389,-29855.446598,-3911.699804,-27071.54354,-3634.482191,64554.933074
2024-05-24 15:30:00,-494.221223,60646.296086,-756.367037,44995.987729,6778.322073,9416.386735
2024-05-24 16:00:00,5661.442901,-19716.010944,3237.898478,-12476.334651,-2103.881744,-72517.486519
2024-05-24 16:30:00,-4396.088962,-52508.41119,-1468.939633,-19491.802808,-5052.079583,51400.474199
2024-05-24 17:00:00,-2487.773571,68076.196695,-915.041821,17364.457399,6304.94182,29305.166324
2024-05-24 17:30:00,6801.492886,-2901.498857,767.013276,-1789.910974,-286.273264,-76153.141029
2024-05-24 18:00:00,-3106.609546,-67601.129062,348.867334,2090.796506,-6102.575192,34547.848796
2024-05-24 18:30:00,-4218.963548,59316.691411,395.790599,-8199.465537,5371.422764,47062.768932
2024-05-24 19:00:00,6382.257594,16283.975377,-1936.741667,-6230.600149,1552.122984,-74226.07507
2024-05-24 19:30:00,-1130.232739,-67919.934044,838.880002,30264.745701,-6710.77984,15222.907261
2024-05-24 20:00:00,-4811.316957,39162.789189,2707.50826,-22451.166807,4045.77194,61392.370157
2024-05-24 20:30:00,4583.561476,27684.128924,-3886.660711,-23937.06905,3276.842102,-66870.925385
2024-05-24 21:00:00,552.136242,-52311.016686,-119.126065,54736.122501,-6833.471922,-5190.825833
2024-05-24 21:30:00,-3863.61973,17056.19885,5107.522793,-21077.170246,2424.111054,71243.295143
2024-05-24 22:00:00,2152.67583,24481.206589,-4416.012503,-47137.930446,4762.257908,-54625.843791
2024-05-24 22:30:00,1096.735437,-26163.918928,-2014.388272,66652.844781,-6461.515288,-25240.412903
2024-05-24 23:00:00,-1622.341552,3061.275205,6626.191285,-6523.778902,625.038914,75887.17953
2024-05-24 23:30:00,86.913615,6127.380797,-3459.796204,-65471.410583,5899.823704,-38393.412147
2024-05-26 00:00:00,408.731341,2286.911922,6661.43575,17116.885909,-1557.059495,74202.928571
2024-05-26 00:30:00,-559.861771,-13760.914382,-1325.761995,-73199.182363,6685.311456,-15637.510758
2024-05-26 01:00:00,-1509.614345,12898.835461,-5280.366213,43623.812992,-4101.991454,-60988.848937
2024-05-26 01:30:00,2725.393699,16801.033558,5365.595829,32283.864835,-3281.890184,66856.588356
2024-05-26 02:00:00,-26.402852,-41283.355871,541.149015,-63738.695782,6816.76523,4884.329653
2024-05-26 02:30:00,-4061.043166,16877.873467,-4927.813512,21834.73158,-2488.405197,-70987.728014
2024-05-26 03:00:00,3809.04338,40014.584245,3124.736909,34541.4358,-4767.631714,54660.244955
2024-05-26 03:30:00,1688.372408,-59023.727402,1519.98257,-41017.479519,6450.741441,25049.186018
2024-05-26 04:00:00,-6064.538759,6135.898164,-3111.019472,4739.865522,-693.976683,-75824.750104
2024-05-26 04:30:00,3365.942955,62008.012314,891.756456,20996.844836,-5906.564033,38526.918307
2024-05-26 05:00:00,3763.964057,-61076.445616,1054.816511,-13643.027301,5614.167642,43393.167027
2024-05-26 05:30:00,-6735.920771,-12984.082946,-453.221537,465.887134,1150.854384,-75129.489171
2024-05-26 06:00:00,1749.932129,73184.706141,-406.335548,-4504.401178,-6617.342074,19634.6781
2024-05-26 06:30:00,5209.993736,-48068.07168,-782.96707,7985.532385,4367.825778,58580.455263
2024-05-26 07:00:00,-5839.103189,-30455.444418,2071.264552,11451.456161,2911.373047,-68944.531171
2024-05-26 07:30:00,-191.103514,68321.144627,-260.759488,-33026.796013,-6849.264276,-655.101216
2024-05-26 08:00:00,5289.29529,-26878.144232,-3323.465014,16085.839027,2802.669224,69494.17066
2024-05-26 08:30:00,-3786.357286,-36891.399238,3549.618168,33377.198178,4459.210872,-57723.11121
2024-05-26 09:00:00,-1478.838873,48759.998616,1204.496724,-54298.537806,-6585.965658,-20897.487677
2024-05-26 09:30:00,3833.970827,-7695.119113,-5581.539442,8797.525085,1032.954324,75330.126154
2024-05-26 10:00:00,-1462.18947,-27585.155658,3516.867358,57015.338473,5681.748501,-42287.7066
2024-05-26 10:30:00,-1421.16064,21840.506592,3288.202578,-61005.790738,-5845.785613,-39659.773048
2024-05-26 11:00:00,1318.978857,362.175954,-6674.983214,-9046.510511,-813.006553,75665.180179
2024-05-26 11:30:00,153.239289,-4550.146483,2152.037599,72166.890582,6489.349525,-23775.263117
2024-05-26 12:00:00,93.384319,-2158.277681,5007.022079,-51862.587265,-4681.445685,-55581.334683
2024-05-26 12:30:00,-1338.063585,-6863.429172,-6199.290693,-28002.025958,-2600.245309,70478.803144
2024-05-26 13:00:00,402.020374,24329.667028,199.289267,72019.813367,6823.186261,-3535.140494
2024-05-26 13:30:00,2542.725333,-14350.546064,5515.444776,-32172.626638,-3176.688909,-67492.756824
2024-05-26 14:00:00,-3165.685505,-26758.355523,-4399.922103,-38080.075552,-4197.594422,60171.563192
2024-05-26 14:30:00,-771.341718,48625.215389,-1351.091773,56039.027395,6659.11986,16956.992524
2024-05-26 15:00:00,4990.357638,-11022.534049,4468.891109,-11573.264813,-1440.706107,-74506.15691
2024-05-26 15:30:00,-3551.317132,-51078.694278,-2065.648445,-33066.44321,-5489.247879,45519.888945
2024-05-26 16:00:00,-2796.991363,59774.864631,-1688.447154,30207.428008,6009.352064,36212.609688
2024-05-26 16:30:00,6483.295418,4780.816781,2173.311326,78.630837,399.806999,-76089.893744
2024-05-26 17:00:00,-2498.203506,-69493.287827,-190.691082,-13164.421195,-6382.630796,27602.893455
2024-05-26 17:30:00,-4724.57813,54695.049926,-528.775227,4485.97451,4921.270116,52834.687801
2024-05-26 18:00:00,6457.124891,24560.916994,-542.775415,-3057.598047,2210.914825,-72115.510534
2024-05-26 18:30:00,-619.54253,-73972.548777,447.976267,15102.787759,-6814.020839,7715.799995
2024-05-26 19:00:00,-5628.903107,37074.155549,1762.578754,-11401.817026,3474.176747,65607.51775
2024-05-26 19:30:00,4975.748945,38014.516562,-2678.977695,-20283.067013,3860.325369,-62871.772132
2024-05-26 20:00:00,1125.271563,-62163.681329,-380.999839,41648.225422,-6752.824136,-12721.926589
2024-05-26 20:30:00,-5005.742294,15784.547484,4324.54798,-12099.112285,1773.434903,73592.918399
2024-05-26 21:00:00,2703.394317,37478.832713,-3487.630316,-44645.240292,5227.642468,-49041.438064
2024-05-26 21:30:00,1840.28954,-38373.090165,-2266.757014,57048.520151,-6203.466711,-32256.790108
2024-05-26 22:00:00,-2987.950303,1081.014687,6165.356054,1118.156179,-57.469371,76203.87276
2024-05-26 22:30:00,620.787423,21226.990658,-2788.991254,-65915.037481,6213.626895,-31636.95889
2024-05-26 23:00:00,1074.288729,-11767.476472,-4331.166245,56487.929899,-5204.3691,-49490.543935
2024-05-26 23:30:00,-291.030918,204.662781,6583.060889,20892.845492,-1884.287715,73253.174733
2024-05-27 00:00:00,-392.026301,-5777.488623,-1046.068597,-74939.253157,6746.338601,-11934.151948
2024-05-27 00:30:00,-984.537241,7462.781117,-5600.795971,41780.12754,-3826.926555,-63167.73313
2024-05-27 01:00:00,2088.714843,14264.599435,5464.016966,36976.847837,-3574.102025,64971.119323
2024-05-27 01:30:00,68.763247,-33965.424414,835.167995,-67549.67547,6786.723547,8631.784064
2024-05-27 02:00:00,-3583.549072,12419.790716,-5422.740223,20628.962742,-2171.202269,-72270.504363
2024-05-27 02:30:00,3297.986855,37770.37506,3330.326639,40631.46664,-5003.776233,51982.140432
2024-05-27 03:00:00,1758.624736,-53218.071825,1894.553247,-46328.383953,6331.967631,28568.469059
2024-05-27 03:30:00,-5724.094701,2452.951144,-3746.817429,3337.374077,-357.855362,-76114.771844
2024-05-27 04:00:00,2987.844361,60988.351275,1115.257936,28387.340979,-6069.794414,35254.495466
2024-05-27 04:30:00,3890.703096,-57133.509134,1529.524533,-19513.460288,5415.450712,46429.262128
2024-05-27 05:00:00,-6586.359378,-16574.13447,-1148.971393,-1617.883732,1481.386368,-74404.823258
2024-05-27 05:30:00,1457.148395,74110.039474,-235.99737,3517.688169,-6696.089898,16005.71474
2024-05-27 06:00:00,5471.75569,-45723.932528,-246.309585,2483.61521,4103.777824,60911.664844
2024-05-27 06:30:00,-5877.140005,-34792.443934,1412.272831,8775.938589,3212.172622,-67259.241215
2024-05-27 07:00:00,-478.074841,71389.274051,-166.459133,-25368.026448,-6838.12451,-4381.383447
2024-05-27 07:30:00,5726.317152,-25397.553924,-2807.091278,11497.754398,2492.639807,70950.643012
2024-05-27 08:00:00,-3954.013394,-42577.606846,3001.904397,30748.402943,4708.261946,-55204.411677
2024-05-27 08:30:00,-1834.029975,53551.997695,1257.044333,-47938.051332,-6485.93894,-24453.991964
2024-05-27 09:00:00,4428.751374,-6210.189093,-5179.029411,5081.884906,699.817732,75806.256589
2024-05-27 09:30:00,-1671.770879,-34693.478835,3104.249792,55358.140252,5861.013178,-39123.784156
2024-05-27 10:00:00,-1879.179435,27483.431346,3374.410695,-56457.169212,-5664.270612,-42790.890207
2024-05-27 10:30:00,2001.008356,2462.045492,-6453.454863,-12465.635182,-1144.62335,75129.935932
2024-05-27 11:00:00,-18.491051,-12551.239356,1840.514196,72302.77439,6585.996512,-20200.520023
2024-05-27 11:30:00,-444.876861,3360.46327,5210.831953,-49027.056362,-4431.711765,-58061.951237
2024-05-27 12:00:00,-665.342855,-4071.495292,-6172.243789,-31969.096261,-2906.463337,68977.450652
2024-05-27 12:30:00,306.321312,16380.305066,-85.85015,74315.646537,6830.519379,192.280961
2024-05-27 13:00:00,1997.49923,-9635.677011,5891.207745,-30411.416961,-2876.717914,-69143.079177
2024-05-27 13:30:00,-2586.595356,-23787.563821,-4522.39745,-43307.468946,-4456.512926,57819.033674
2024-05-27 14:00:00,-810.728727,41725.896671,-1689.872981,60240.259362,6576.746579,20567.710402
2024-05-27 14:30:00,4533.226657,-7233.479097,5015.671792,-10011.958047,-1112.372821,-75202.755615
2024-05-27 15:00:00,-3105.039011,-48821.79857,-2254.419497,-39790.710039,-5682.250284,42491.866014
2024-05-27 15:30:00,-2848.227923,54584.232237,-2128.912937,35533.970443,5843.454939,39445.431376
2024-05-27 16:00:00,6192.473503,8102.387406,2833.04188,2155.936278,732.58932,-75780.597356
2024-05-27 16:30:00,-2165.244115,-68847.51133,-360.140637,-21009.869185,-6495.965238,24120.707044
2024-05-27 17:00:00,-4873.816748,51285.90467,-1063.761812,9950.544825,4684.037065,55454.369101
2024-05-27 17:30:00,6362.516443,28226.909573,136.677418,-231.293565,2523.770279,-70823.826872
2024-05-27 18:00:00,-333.26619,-75458.325724,349.435688,7003.01663,-6839.748173,4030.433428
2024-05-27 18:30:00,-5941.953914,34935.3083,1195.332254,-6592.402022,3183.011408,67422.801353
2024-05-27 19:00:00,5047.596181,42812.555964,-2071.440815,-17075.859151,4130.475048,-60694.585894
2024-05-27 19:30:00,1447.335063,-65698.938212,-412.797799,34321.317545,-6689.264412,-16347.575304
2024-05-27 20:00:00,-5498.05061,14068.73895,3818.288855,-8230.419321,1449.750473,74471.539746
2024-05-27 20:30:00,2865.960318,43800.189839,-3006.003541,-41882.793481,5435.472473,-46141.963862
2024-05-27 21:00:00,2257.996624,-43299.318374,-2289.129955,51281.370675,-6055.359793,-35562.762402
2024-05-27 21:30:00,-3615.894028,-1009.482679,5807.009564,4361.069916,-389.885092,76082.923713
2024-05-27 22:00:00,784.990226,28863.95663,-2429.873657,-64539.505896,6344.092787,-28230.528949
2024-05-27 22:30:00,1596.767351,-17115.717176,-4429.368535,52527.800598,-4982.669872,-52238.271223
2024-05-27 23:00:00,-967.58799,-2645.585237,6418.32067,24262.745337,-2201.148693,72147.26365
2024-05-27 23:30:00,-290.238375,2413.571424,-753.076692,-75612.478384,6790.223409,-8269.793588
2024-05-28 00:00:00,-405.900774,2580.02649,-5850.587257,39260.028161,-3547.691846,-65158.506003
2024-05-28 00:30:00,1459.894358,10863.524828,5479.184906,41315.465806,-3852.621467,62966.691242
2024-05-28 01:00:00,96.333157,-26249.450986,1144.73887,-70366.602371,6741.117916,12290.971835
2024-05-28 01:30:00,-3037.538076,8446.583952,-5855.877909,18753.036988,-1854.513634,-73358.782571
2024-05-28 02:00:00,2784.146876,34554.52164,3459.290887,46473.663798,-5223.888412,49230.454348
2024-05-28 02:30:00,1757.3151,-46870.780163,2290.610129,-50769.072762,6200.343103,31957.310235
2024-05-28 03:00:00,-5303.913459,-774.572569,-4335.195428,1252.503319,-26.760798,-76218.359154
2024-05-28 03:30:00,2601.37479,58917.806445,1268.641447,35694.114661,-6215.885426,31957.232753
2024-05-28 04:00:00,3942.607301,-52568.262803,2036.545806,-24655.107308,5207.431133,49302.171451
2024-05-28 04:30:00,-6351.922962,-19723.779174,-1814.335096,-4435.284576,1802.569352,-73515.794381
2024-05-28 05:00:00,1153.913509,73962.408513,-132.132929,11655.245995,-6757.771534,12402.683565
2024-05-28 05:30:00,5659.449769,-42731.748573,337.311166,-2411.442594,3834.667314,63058.372288
2024-05-28 06:00:00,-5831.517026,-38726.399443,767.640753,5273.593399,3500.088483,-65443.838392
2024-05-28 06:30:00,-777.300228,73433.166944,-139.222931,-17394.358146,-6811.163527,-8033.477737
2024-05-28 07:00:00,6096.149297,-23270.369913,-2228.164218,7436.565446,2182.134443,72214.72283
2024-05-28 07:30:00,-4043.56864,-47949.386325,2456.526722,27180.705665,4941.896994,-52598.796127
2024-05-28 08:00:00,-2206.310408,57427.533927,1238.851563,-41099.742386,-6372.431191,-27894.605379
2024-05-28 08:30:00,4969.213997,-4071.113576,-4701.067747,1855.575953,370.621199,76096.619229
2024-05-28 09:00:00,-1809.880979,-41635.900633,2687.132092,52666.636466,6023.387718,-35922.377398
2024-05-28 09:30:00,-2363.629395,32347.678137,3385.908642,-51327.231616,-5472.584349,-45771.14295
2024-05-28 10:00:00,2645.241326,5256.254026,-6149.144904,-15413.29858,-1468.254049,74427.982457
2024-05-28 10:30:00,-123.117745,-20578.324776,1521.615741,71361.114149,6665.563103,-16638.06347
2024-05-28 11:00:00,-1023.288798,8230.16612,5338.891127,-45568.520813,-4175.744696,-60366.988703
2024-05-28 11:30:00,-13.716293,-501.96797,-6061.600169,-35490.306301,-3200.996476,67340.383774
2024-05-28 12:00:00,277.46024,8202.032762,-379.740241,75558.619308,6821.722783,3857.315105
2024-05-28 12:30:00,1396.244558,-5479.712149,6195.774177,-28023.665208,-2575.002257,-70604.613381
2024-05-28 13:00:00,-2015.204575,-19926.213274,-4565.647642,-48158.129838,-4700.935406,55370.887998
2024-05-28 13:30:00,-779.773751,34421.483483,-2041.000508,63478.579077,6480.332054,24071.596186
2024-05-28 14:00:00,4005.73845,-3959.332161,5502.19683,-7822.338397,-786.882784,-75711.919744
2024-05-28 14:30:00,-2658.152776,-45565.607761,-2370.4362,-46267.65713,-5859.023391,39414.821414
2024-05-28 15:00:00,-2824.367817,48867.116584,-2589.894577,40026.208461,5666.571619,42534.856832
2024-05-28 15:30:00,5821.879282,10923.687044,3448.066559,4894.4594,1058.265085,-75298.946387
2024-05-28 16:00:00,-1827.982695,-67135.693256,-461.860035,-28790.129799,-6592.491967,20638.91482
2024-05-28 16:30:00,-4945.33652,47291.312807,-1632.185069,14712.028898,4439.685526,57903.450081
2024-05-28 17:00:00,6185.213202,31408.620056,788.24389,3332.690281,2825.722062,-69387.372564
2024-05-28 17:30:00,-41.180004,-75877.747897,317.361473,-1236.800358,-6849.296866,394.146116
2024-05-28 18:00:00,-6179.905378,32196.928492,578.776532,-2385.583988,2889.068858,69052.698234
2024-05-28 18:30:00,5039.570225,47179.375584,-1477.337237,-13019.099505,4386.751301,-58410.631445
2024-05-28 19:00:00,1777.889728,-68237.170347,-375.292026,26664.857008,-6611.284536,-19879.306292
2024-05-28 19:30:00,-5924.31348,11751.850372,3247.361901,-4909.303002,1127.806675,75163.426052
2024-05-28 20:00:00,2954.504881,49801.697269,-2528.072354,-38153.383118,5627.508546,-43180.521946
2024-05-28 20:30:00,2690.911483,-47346.605404,-2237.254538,45044.013421,-5895.557485,-38737.18502
2024-05-28 21:00:00,-4192.140906,-3723.940093,5372.673731,7074.121249,-716.142049,75788.157355
2024-05-28 21:30:00,880.64257,36348.989301,-2069.694802,-62110.380816,6458.009012,-24810.499761
2024-05-28 22:00:00,2146.186411,-21716.511474,-4449.535362,48017.618671,-4752.728942,-54826.755489
2024-05-28 22:30:00,-1609.215989,-6186.076564,6172.459717,27115.003426,-2508.169878,70892.030951
2024-05-28 23:00:00,-254.79742,10655.266728,-457.149846,-75207.58146,6817.877933,-4640.054143
2024-05-28 23:30:00,215.105395,-1665.07122,-6022.804538,36164.150338,-3264.298697,-66971.708002
2024-05-29 00:00:00,850.589368,6666.116827,5414.415324,45172.960695,-4118.044896,60848.88334
2024-05-29 00:30:00,55.429086,-18284.669097,1459.064978,-72151.705329,6680.756263,15867.786454
2024-05-29 01:00:00,-2433.010886,5046.081817,-6218.242317,16298.717209,-1538.087729,-74263.066686
2024-05-29 01:30:00,2278.707935,30418.954556,3513.494297,51926.362731,-5428.688038,46408.701346
2024-05-29 02:00:00,1682.425174,-40117.393899,2696.707502,-54282.362361,6056.49245,35222.299395
2024-05-29 02:30:00,-4812.087062,-3451.375533,-4865.592381,-1426.489643,299.573188,-76145.307801
2024-05-29 03:00:00,2217.422498,55824.054743,1352.936507,42764.123068,-6345.578504,28637.325759
2024-05-29 03:30:00,3915.94931,-47500.543211,2564.036651,-28997.960377,4990.579788,52019.349449
2024-05-29 04:00:00,-6038.57314,-22327.852896,-2437.956534,-7902.665338,2114.959156,-72470.888309
2024-05-29 04:30:00,851.000446,72743.29672,-94.361345,19752.180237,-6803.134521,8825.271116
2024-05-29 05:00:00,5767.207429,-39199.007531,956.231864,-6623.108029,3560.78929,65028.450362
2024-05-29 05:30:00,-5706.249049,-42136.678044,148.770208,1020.697316,3775.747645,-63505.415734
2024-05-29 06:00:00,-1077.624504,74428.098635,-179.418075,-9257.30258,-6769.130937,-11613.34476
2024-05-29 06:30:00,6390.806554,-20595.713705,-1597.410893,3983.805211,1871.223321,73294.30898
2024-05-29 07:00:00,-4057.541349,-52869.941625,1924.512731,22735.945563,5160.787343,-49911.882156
2024-05-29 07:30:00,-2583.847732,60340.810437,1148.277286,-33924.984716,-6246.174453,-31221.625268
2024-05-29 08:00:00,5445.607483,-1373.771649,-4156.774933,-791.943479,45.385954,76208.203539
2024-05-29 08:30:00,-1878.083403,-48262.270142,2276.134011,48981.027113,6169.617179,-32686.753975
2024-05-29 09:00:00,-2862.404237,36372.024579,3319.291969,-45745.07352,-5271.395108,-48604.460199
2024-05-29 09:30:00,3240.883196,8654.811454,-5769.217356,-17786.465303,-1783.867721,73566.177898
2024-05-29 10:00:00,-161.453508,-28475.945688,1205.877823,69354.624127,6728.849402,-13088.471905
2024-05-29 10:30:00,-1630.072946,12378.624107,5385.842988,-41602.614652,-3914.020613,-62503.398151
2024-05-29 11:00:00,605.579628,3763.833746,-5872.599456,-38448.767774,-3484.075696,65574.113734
2024-05-29 11:30:00,315.219546,-52.034257,-671.680171,75735.132257,6797.555333,7462.129972
2024-05-29 12:00:00,749.958611,-1961.440423,6421.774271,-25114.877816,-2271.819933,-71886.148743
2024-05-29 12:30:00,-1462.694427,-15242.240071,-4533.305682,-52499.712186,-4931.264895,52833.112611
2024-05-29 13:00:00,-677.793176,26855.857754,-2393.253076,65716.939599,6370.550997,27472.701462
2024-05-29 13:30:00,3417.5022,-1284.658154,5919.294762,-5102.585803,-464.230031,-76043.231977
2024-05-29 14:00:00,-2221.569339,-41359.165791,-2416.121851,-52351.691546,-6020.12168,36293.442323
2024-05-29 14:30:00,-2723.290384,42754.926164,-3059.533632,43630.267576,5479.259319,45485.658537
2024-05-29 15:00:00,5379.237892,13149.841118,4007.963963,8200.031588,1376.968535,-74654.196501
2024-05-29 15:30:00,-1497.272598,-64382.13887,-497.442164,-36351.590273,-6672.877072,17160.588814
2024-05-29 16:00:00,-4935.139873,42829.611773,-2221.988348,18705.655115,4188.607805,60187.78835
2024-05-29 16:30:00,5930.951127,33998.189792,1400.937463,7546.203527,3117.10532,-67814.395938
2024-05-29 17:00:00,245.640373,-75229.349667,350.901806,-9462.447558,-6843.371747,-3191.73408
2024-05-29 17:30:00,-6336.559384,28968.31044,-75.483932,1146.967826,2592.645273,70503.392007
2024-05-29 18:00:00,4955.736478,50990.444983,-907.619829,-8190.129151,4629.591412,-56026.924273
2024-05-29 18:30:00,2105.34678,-69753.178165,-268.341991,18826.566333,-6519.622218,-23317.525457
2024-05-29 19:00:00,-6276.340083,8937.66446,2622.181619,-2214.528457,807.743103,75675.246701
2024-05-29 19:30:00,2971.912546,55343.413632,-2064.549311,-33516.623282,5804.229914,-40162.891394
2024-05-29 20:00:00,3126.934881,-50471.515497,-2109.493018,38473.239238,-5724.82244,-41781.66983
2024-05-29 20:30:00,-4707.042228,-6961.747191,4871.060339,9168.636916,-1036.232702,75326.809739
2024-05-29 21:00:00,909.91297,43531.490436,-1719.171249,-58664.397097,6555.805383,-21383.079319
2024-05-29 21:30:00,2710.263691,-25512.824053,-4387.983262,43085.113851,-4515.471868,-57257.076564
2024-05-29 22:00:00,-2205.384532,-10322.287373,5852.398773,29344.291793,-2805.305139,69495.311401
2024-05-29 22:30:00,-284.40205,18792.984029,-169.354615,-73735.60194,6829.832985,-1050.329386
2024-05-29 23:00:00,866.624846,-5205.047999,-6111.742485,32611.211763,-2977.706376,-68610.535322
2024-05-29 23:30:00,271.652839,1756.19339,5274.947902,48428.148307,-4370.566577,58625.567574
2024-05-30 00:00:00,-53.532538,-10222.828647,1766.663028,-72892.297906,6606.243605,19359.344066
2024-05-30 00:30:00,-1780.827958,2295.030548,-6502.229452,13378.153938,-1222.846503,-74989.074247
2024-05-30 01:00:00,1792.531519,25431.075028,3496.805372,56852.803844,-5618.603577,43524.210778
2024-05-30 01:30:00,1533.184409,-33100.518264,3100.923781,-56834.209574,5901.045307,38364.292453
2024-05-30 02:00:00,-4258.011517,-5491.6946,-5328.879488,-4594.398338,620.642092,-75903.613564
2024-05-30 02:30:00,1846.759328,51753.211719,1370.972308,49449.753309,-6459.422961,25301.191676
2024-05-30 03:00:00,3808.233392,-42061.877592,3099.693516,-32492.842814,4765.536437,54583.271318
2024-05-30 03:30:00,-5653.940497,-24287.840696,-3009.705734,-11920.62895,2418.265301,-71279.066165
2024-05-30 04:00:00,559.318642,70473.802492,-120.682156,27655.739028,-6832.868552,5278.344523
2024-05-30 04:30:00,5790.563378,-35246.296319,1598.254479,-10091.763156,3282.669956,66826.623606
2024-05-30 05:00:00,-5507.208692,-44910.426745,-433.75777,-3891.735949,4039.160421,-61452.806154
2024-05-30 05:30:00,-1367.728166,74371.112036,-285.884099,-1108.291069,-6712.775539,-15117.867188
2024-05-30 06:00:00,6603.745938,-17487.133179,-926.272144,1207.533405,1560.389257,74195.284387
2024-05-30 06:30:00,-4000.326826,-57210.518509,1416.502912,17491.197954,5365.220672,-47151.068566
2024-05-30 07:00:00,-2954.802054,62267.73392,985.313133,-26558.410441,-6107.893101,-34434.557263
2024-05-30 07:30:00,5849.614101,1772.663332,-3556.263235,-2783.012033,-275.446668,76148.326244
2024-05-30 08:00:00,-1879.714864,-54429.636062,1881.853942,44358.492148,6300.183035,-29423.182336
2024-05-30 08:30:00,-3363.154612,39516.337116,3172.950778,-39845.631859,-5061.381824,-51292.510187
2024-05-30 09:30:00,-136.186471,-36092.545708,904.286936,66316.038088,6776.395138,-9560.037639
2024-05-30 10:00:00,-2252.754405,15754.292707,5347.943171,-37256.841259,-3647.402866,-64473.107434
2024-05-30 10:30:00,1182.443826,8626.864911,-5612.147398,-40735.656829,-3755.224641,63690.526644
2024-05-30 11:00:00,417.76625,-8229.281913,-950.075271,74853.779161,6758.805,10997.833854
2024-05-30 11:30:00,70.544987,858.08174,6563.397273,-21807.12559,-1968.069454,-72991.859002
2024-05-30 12:00:00,-939.436598,-9821.700913,-4431.039545,-56206.360383,-5147.142583,50220.233012
2024-05-30 12:30:00,-505.334237,19177.234539,-2734.268105,66943.43708,6248.500899,30761.836587
2024-05-30 13:00:00,2779.237911,717.285294,6259.409238,-1970.367354,-145.281681,-76202.963825
2024-05-30 13:30:00,-1805.927852,-36269.384,-2396.02615,-57904.178648,-6165.524004,33142.177979
2024-05-30 14:00:00,-2543.801506,36389.759513,-3525.072699,46318.249824,5282.817843,48291.106354
2024-05-30 14:30:00,4873.832251,14693.210075,4503.892334,11959.155516,1687.873042,-73855.132596
2024-05-30 15:00:00,-1184.091904,-60631.68116,-470.490019,-43546.714581,-6737.450094,13699.177364
2024-05-30 16:00:00,5607.538699,35891.091832,1965.084863,12303.916079,3397.26895,-66116.240944
2024-05-30 17:00:00,-6406.900018,25378.896608,-755.286342,3951.174133,2295.078036,71776.957241
2024-05-30 17:30:00,4802.549416,54124.806894,-372.461737,-2681.450275,4858.592728,-53557.052395
2024-05-30 18:00:00,2417.681959,-70246.342617,-93.282829,10954.976434,-6415.2115,-26653.132203
2024-05-30 18:30:00,-6547.358532,5750.479236,1953.932263,-212.736575,490.808053,76013.195848
2024-05-30 19:00:00,2923.507264,60289.9942,-1626.034151,-28047.433289,5965.531863,-37104.196166
2024-05-30 19:30:00,3553.567343,-52654.584282,-1905.673871,31711.958147,-5544.307287,-44689.806104
2024-05-30 20:00:00,-5152.42307,-10604.849722,4312.047871,10565.559762,-1349.203962,74708.403783
2024-05-30 20:30:00,877.097224,50266.609991,-1389.166659,-54256.33404,6637.764811,-17962.598461
2024-05-30 21:00:00,3276.183039,-28471.909551,-4242.714635,37867.217345,-4272.178732,-59526.032726
2024-05-30 21:30:00,-2747.022183,-14941.284855,5466.596059,30854.791016,-3091.64493,67970.341104
2024-05-30 22:00:00,-375.59904,26677.05205,98.728605,-71228.777586,6826.720266,2484.084331
2024-05-30 22:30:00,1536.11673,-7995.807748,-6113.370336,28734.097361,-2689.400914,-70074.843757
2024-05-30 23:00:00,-267.356294,-3764.188388,5067.975307,50967.786438,-4609.539223,56312.949397
2024-05-30 23:30:00,-228.295322,-2212.626242,2055.19122,-72600.360814,6518.603551,22751.556936
2024-05-31 00:00:00,-1092.676872,250.027735,-6701.978227,10122.098332,-910.347317,-75540.97738
2024-05-31 00:30:00,1335.606835,19676.416738,3415.445804,61124.027067,-5793.310245,40595.413711
2024-05-31 01:00:00,1310.08401,-25966.713386,3490.268571,-58419.898798,5735.393415,41370.938668
2024-05-31 01:30:00,-3652.228553,-6821.368913,-5717.756792,-8122.382434,934.76613,-75502.126445
2024-05-31 02:00:00,1500.07405,46769.940811,1328.144818,55610.284662,-6557.496641,21969.165161
2024-05-31 02:30:00,3618.002665,-36396.220037,3630.329712,-35120.12379,4534.050672,56985.526301
2024-05-31 03:00:00,-5207.384281,-25510.956347,-3521.262973,-16367.290366,2710.994987,-69954.197786
2024-05-31 03:30:00,290.343056,67197.155757,-206.756383,35219.465171,-6847.510158,1782.258488
2024-05-31 04:00:00,5726.110451,-31015.052006,2250.577229,-12782.922664,3002.30419,68449.50968
2024-05-31 04:30:00,-5242.631307,-46937.079453,-970.787608,-9354.349927,4289.228154,-59303.996959
2024-05-31 05:00:00,-1635.383145,73285.429297,-455.627495,6904.633953,-6643.09066,-18528.795193
2024-05-31 05:30:00,6729.806653,-14083.802438,-226.799765,-842.180194,1251.711512,74920.536883
2024-05-31 06:00:00,-3879.205554,-60844.533096,942.415047,11539.170378,5554.488843,-44338.143232
2024-05-31 06:30:00,-3306.326688,63213.353942,751.316753,-19146.708087,-5959.030114,-37517.897244
2024-05-31 07:00:00,6174.663765,5233.55281,-2910.549894,-4051.03431,-589.916426,75926.136072
2024-05-31 07:30:00,-1820.997205,-60000.399488,1514.947437,38872.367936,6414.969843,-26154.488577
2024-05-31 08:00:00,-3852.903281,41768.431333,2946.521852,-33771.919801,-4844.225395,-53825.464227
2024-05-31 08:30:00,4250.149704,16820.463369,-4817.620102,-20453.055527,-2388.223741,71405.564574
2024-05-31 09:00:00,-52.474626,-43284.495986,628.214894,62299.321638,6808.585841,-6075.047657
2024-05-31 09:30:00,-2878.393651,18331.944885,5222.951845,-32671.267,-3377.836852,-66270.782092
2024-05-31 10:00:00,1708.362683,13970.282985,-5288.829966,-42252.796619,-4013.468585,61707.236415
2024-05-31 10:30:00,581.156731,-16183.141864,-1202.794735,72949.412555,6706.391561,14444.66353
2024-05-31 11:00:00,-629.570427,2940.114055,6616.608444,-18238.510231,-1665.748711,-73922.103857
2024-05-31 11:30:00,-454.533137,-3767.961665,-4266.327011,-59163.903403,-5348.136225,47551.219895
2024-05-31 12:00:00,-264.788938,11532.628673,-3051.247027,67175.348526,6115.509839,33923.770765
2024-05-31 12:30:00,2102.509619,1991.159823,6516.891833,1436.83455,167.986557,-76197.353996
2024-05-31 13:00:00,-1421.002978,-30381.317396,-2316.807599,-62796.119728,-6295.188351,29981.7118
2024-05-31 13:30:00,-2286.46096,29917.216355,-3973.273543,48091.452251,5078.968158,50940.56732
2024-05-31 14:00:00,4316.172966,15479.985323,4928.976013,16038.767897,1989.190333,-72914.157708
2024-05-31 14:30:00,-899.007584,-55948.516082,-386.789352,-50237.097681,-6786.655795,10275.491014
2024-05-31 15:00:00,-4658.811995,33056.915948,-3414.394139,24250.919784,3672.498185,64248.884143
2024-05-31 15:30:00,5224.472034,36993.999061,2472.866001,17481.284971,3664.754283,-64310.970282
2024-05-31 16:00:00,757.619072,-70836.617735,602.456697,-25276.590792,-6788.01441,-10158.60356
2024-05-31 16:30:00,-6387.600029,21572.56507,-1447.9223,5997.824232,1998.500366,72874.305314
2024-05-31 17:00:00,4588.61151,56471.391668,119.438639,3396.354454,5072.781858,-51023.137134
2024-05-31 17:30:00,2702.521847,-69742.304991,146.663445,3194.394391,-6299.4299,-29868.417988
2024-05-31 18:00:00,-6732.428748,2332.136419,1254.502667,1050.447172,179.079488,76184.781399
2024-05-31 18:30:00,2817.036227,64516.213467,-1222.094317,-21839.196314,6111.00705,-34029.136948
2024-05-31 19:00:00,3957.887485,-53905.009893,-1627.256595,24904.288937,-5355.791881,-47447.928699
2024-05-31 19:30:00,-5522.051966,-14516.866084,3706.530264,11201.254117,-1653.283247,73945.885974
2024-05-31 20:00:00,788.798876,56419.717599,-1090.118255,-48960.1784,6704.173755,-14572.024393
2024-05-31 20:30:00,3830.949432,-30587.102098,-4013.505419,32505.693627,-4024.665555,-61626.995262
2024-05-31 21:00:00,-3226.809127,-19914.786786,5024.834504,31566.608842,-3365.884637,66334.704944
2024-05-31 21:30:00,-522.882799,34166.751057,335.87794,-67741.38354,6809.432884,5943.059207
2024-05-31 22:00:00,2210.758761,-10016.528271,-6025.655188,24671.528102,-2401.074104,-71364.554068
2024-05-31 22:30:00,-758.34738,-9777.586664,4802.131849,52695.842103,-4834.215261,53930.373167
2024-05-31 23:00:00,-464.709593,5603.301179,2312.67339,-71311.407075,6419.161328,26028.473533
2024-05-31 23:30:00,-380.810352,-1054.050624,-6813.657359,6667.89446,-602.145813,-75924.058651